lease_id,tenant_id,property_id,start_date,end_date,rent_amount,lease_status,signature_status
1,424,3,2024-09-25,2025-03-24,3422,Ended,Pending Signature
2,1807,4,2025-03-01,2026-02-24,4116,Active,Digital Signed
3,1787,6,2025-04-02,2026-03-28,1820,Active,Digital Signed
4,1028,8,2024-01-01,2024-12-26,1406,Active,Manual Signed
5,1249,9,2024-12-19,2026-06-12,3403,Expiring Soon,Digital Signed
6,1829,10,2025-08-29,2027-08-19,3652,Active,Manual Signed
7,790,14,2024-07-27,2025-01-23,3621,Active,Pending Signature
8,1379,15,2024-10-26,2025-04-24,2118,Ended,Pending Signature
9,1618,17,2025-08-01,2026-07-27,3265,Expiring Soon,Manual Signed
10,1808,20,2025-11-11,2026-11-06,3548,Expiring Soon,Pending Signature
11,1966,21,2025-08-06,2026-02-02,1258,Ended,Pending Signature
12,418,24,2024-01-20,2024-07-18,2388,Ended,Pending Signature
13,440,26,2024-06-14,2025-12-06,3502,Active,Digital Signed
14,1669,27,2024-04-25,2025-04-20,3724,Expiring Soon,Pending Signature
15,991,28,2024-05-05,2024-11-01,3043,Active,Pending Signature
16,835,29,2024-10-29,2025-10-24,1952,Active,Digital Signed
17,1844,30,2025-09-07,2027-08-28,1670,Active,Pending Signature
18,1530,31,2025-05-10,2026-05-05,2697,Active,Pending Signature
19,171,35,2025-07-26,2027-01-17,1155,Active,Digital Signed
20,1036,37,2024-11-04,2025-05-03,3815,Expiring Soon,Digital Signed
21,689,39,2024-05-09,2024-11-05,2433,Active,Pending Signature
22,1301,40,2025-09-17,2027-09-07,4023,Expiring Soon,Pending Signature
23,234,42,2024-05-20,2025-05-15,2461,Expiring Soon,Digital Signed
24,1809,43,2024-07-07,2025-07-02,1734,Active,Manual Signed
25,1293,44,2024-01-09,2025-01-03,2146,Active,Digital Signed
26,1974,46,2025-10-12,2026-10-07,2706,Expiring Soon,Digital Signed
27,1111,47,2024-09-21,2026-03-15,2795,Active,Pending Signature
28,1870,49,2025-02-02,2026-01-28,2065,Ended,Pending Signature
29,1662,50,2024-11-29,2025-11-24,4075,Ended,Digital Signed
30,1537,51,2025-09-07,2027-03-01,2130,Active,Digital Signed
31,1695,52,2024-04-08,2025-04-03,3073,Ended,Digital Signed
32,1573,53,2024-11-16,2025-05-15,1006,Expiring Soon,Digital Signed
33,825,54,2024-05-20,2025-05-15,1948,Active,Manual Signed
34,363,55,2024-12-22,2025-12-17,3354,Active,Digital Signed
35,815,58,2025-09-02,2026-03-01,3535,Active,Manual Signed
36,932,60,2024-09-12,2026-03-06,2832,Active,Manual Signed
37,215,61,2024-07-08,2025-01-04,1386,Active,Manual Signed
38,508,62,2025-04-28,2026-04-23,2393,Active,Manual Signed
39,889,65,2025-04-19,2026-10-11,2881,Active,Pending Signature
40,1131,67,2024-10-04,2026-09-24,2954,Ended,Manual Signed
41,625,68,2024-09-09,2026-08-30,1727,Active,Manual Signed
42,1977,71,2024-11-24,2025-11-19,1199,Ended,Pending Signature
43,1592,72,2024-06-24,2025-06-19,2157,Ended,Manual Signed
44,223,73,2024-11-08,2025-11-03,2483,Active,Digital Signed
45,2,75,2024-11-16,2025-05-15,1420,Expiring Soon,Digital Signed
46,1994,78,2025-05-29,2026-05-24,2110,Expiring Soon,Pending Signature
47,153,79,2025-09-21,2026-03-20,981,Expiring Soon,Digital Signed
48,389,80,2024-02-26,2025-02-20,1268,Active,Manual Signed
49,318,81,2025-10-14,2026-04-12,3362,Active,Pending Signature
50,1360,83,2025-09-05,2026-03-04,1229,Active,Pending Signature
51,1621,84,2025-04-10,2026-04-05,2524,Active,Pending Signature
52,322,85,2024-08-23,2025-08-18,1110,Active,Pending Signature
53,412,87,2024-05-24,2025-05-19,3585,Expiring Soon,Manual Signed
54,463,88,2024-10-29,2025-04-27,2161,Expiring Soon,Digital Signed
55,1469,89,2024-12-30,2026-12-20,2442,Active,Manual Signed
56,1247,90,2025-08-07,2027-01-29,2664,Active,Pending Signature
57,313,92,2024-10-23,2026-10-13,3877,Active,Digital Signed
58,204,93,2024-12-07,2025-12-02,1562,Expiring Soon,Manual Signed
59,1108,94,2025-07-01,2025-12-28,3538,Active,Digital Signed
60,1740,95,2024-05-07,2026-04-27,3028,Active,Pending Signature
61,1041,96,2024-03-26,2024-09-22,3186,Active,Digital Signed
62,1498,97,2025-10-21,2027-10-11,2220,Ended,Digital Signed
63,1989,98,2025-03-13,2025-09-09,1715,Ended,Pending Signature
64,459,99,2025-06-02,2027-05-23,3657,Active,Manual Signed
65,716,100,2024-03-10,2025-03-05,1077,Active,Pending Signature
66,1839,101,2025-07-10,2027-01-01,4075,Active,Digital Signed
67,383,105,2024-10-19,2026-10-09,2793,Expiring Soon,Digital Signed
68,945,106,2024-11-19,2025-05-18,2271,Active,Digital Signed
69,1510,107,2024-05-05,2025-10-27,1651,Active,Pending Signature
70,1229,109,2024-11-30,2025-11-25,2230,Active,Manual Signed
71,1492,110,2024-08-19,2026-02-10,2523,Ended,Digital Signed
72,1754,112,2024-04-13,2026-04-03,3929,Ended,Digital Signed
73,130,113,2024-12-30,2026-06-23,1436,Expiring Soon,Digital Signed
74,1083,115,2024-10-26,2025-10-21,1018,Expiring Soon,Pending Signature
75,977,116,2024-03-30,2025-09-21,1648,Expiring Soon,Manual Signed
76,667,117,2025-01-22,2026-01-17,2881,Ended,Pending Signature
77,1451,119,2025-08-25,2026-02-21,3721,Active,Digital Signed
78,1921,121,2024-08-02,2026-01-24,2616,Active,Manual Signed
79,1566,122,2025-09-11,2027-09-01,1098,Active,Pending Signature
80,1508,123,2025-10-06,2027-03-30,2067,Active,Pending Signature
81,1928,124,2024-02-23,2026-02-12,1305,Ended,Manual Signed
82,1435,125,2025-08-22,2026-02-18,996,Active,Digital Signed
83,41,126,2024-02-19,2026-02-08,1854,Ended,Manual Signed
84,832,127,2024-12-14,2026-06-07,2779,Active,Manual Signed
85,1952,128,2024-01-18,2026-01-07,1426,Active,Manual Signed
86,1835,129,2024-12-14,2025-12-09,962,Active,Manual Signed
87,988,130,2024-03-28,2026-03-18,2483,Ended,Pending Signature
88,1010,131,2025-11-10,2027-10-31,2687,Active,Pending Signature
89,195,133,2024-06-23,2025-06-18,1909,Expiring Soon,Pending Signature
90,1333,134,2025-06-10,2027-05-31,1142,Active,Manual Signed
91,89,135,2025-11-17,2027-11-07,2640,Expiring Soon,Manual Signed
92,866,136,2025-01-14,2026-07-08,3709,Active,Manual Signed
93,1548,137,2025-01-14,2026-07-08,1943,Active,Manual Signed
94,1289,139,2025-08-07,2026-08-02,2301,Ended,Digital Signed
95,1482,140,2025-06-14,2025-12-11,3900,Ended,Digital Signed
96,759,141,2024-07-02,2025-06-27,987,Active,Pending Signature
97,1691,144,2025-08-20,2027-02-11,1815,Ended,Manual Signed
98,1192,145,2025-11-07,2026-05-06,3259,Active,Pending Signature
99,343,146,2025-06-25,2027-06-15,2345,Active,Manual Signed
100,13,148,2025-09-15,2027-03-09,1717,Active,Pending Signature
101,1841,149,2024-01-15,2025-01-09,1944,Ended,Manual Signed
102,1914,150,2024-11-02,2025-10-28,3902,Active,Digital Signed
103,1103,152,2024-09-29,2025-09-24,4168,Expiring Soon,Pending Signature
104,1071,154,2024-06-12,2026-06-02,3823,Expiring Soon,Manual Signed
105,206,156,2024-04-17,2024-10-14,1301,Active,Manual Signed
106,1340,158,2024-08-10,2025-02-06,2570,Active,Manual Signed
107,1666,159,2025-05-29,2026-05-24,2285,Expiring Soon,Manual Signed
108,546,160,2024-04-26,2024-10-23,1297,Ended,Digital Signed
109,507,161,2025-09-16,2027-03-10,3553,Ended,Digital Signed
110,1578,162,2024-10-08,2025-10-03,2522,Ended,Digital Signed
111,154,163,2024-01-24,2026-01-13,2132,Ended,Manual Signed
112,1273,167,2024-06-19,2024-12-16,3521,Expiring Soon,Pending Signature
113,261,170,2025-08-13,2026-02-09,1975,Active,Pending Signature
114,957,171,2024-05-31,2026-05-21,3381,Expiring Soon,Pending Signature
115,1243,172,2025-08-22,2026-08-17,2175,Active,Pending Signature
116,911,173,2024-04-01,2025-03-27,1523,Ended,Manual Signed
117,1959,174,2024-01-22,2025-07-15,1791,Active,Manual Signed
118,840,175,2024-11-22,2025-11-17,999,Active,Manual Signed
119,240,176,2025-02-08,2025-08-07,1113,Active,Digital Signed
120,944,177,2025-08-12,2026-08-07,1586,Ended,Digital Signed
121,1881,178,2024-01-11,2025-01-05,1439,Ended,Digital Signed
122,1031,179,2025-08-10,2027-02-01,4109,Active,Digital Signed
123,1423,183,2025-10-23,2026-10-18,4114,Active,Digital Signed
124,227,184,2024-09-06,2026-02-28,1375,Active,Manual Signed
125,722,185,2024-03-01,2026-02-19,3328,Active,Manual Signed
126,1987,186,2024-04-13,2026-04-03,1780,Active,Digital Signed
127,1216,188,2024-10-17,2025-10-12,2606,Active,Digital Signed
128,859,190,2024-11-02,2025-10-28,3300,Expiring Soon,Digital Signed
129,1187,191,2025-02-14,2025-08-13,1956,Active,Manual Signed
130,1748,192,2025-06-27,2026-12-19,2914,Active,Pending Signature
131,1093,196,2025-02-15,2026-02-10,4121,Expiring Soon,Digital Signed
132,1318,197,2024-08-10,2025-08-05,3790,Ended,Manual Signed
133,506,201,2025-09-05,2027-02-27,3190,Ended,Digital Signed
134,1109,202,2024-08-02,2025-07-28,1342,Active,Manual Signed
135,1419,203,2024-03-02,2024-08-29,1285,Active,Manual Signed
136,613,205,2024-11-25,2026-05-19,3090,Active,Pending Signature
137,717,206,2025-10-10,2026-10-05,1634,Expiring Soon,Manual Signed
138,1354,207,2024-09-09,2025-03-08,3228,Active,Pending Signature
139,1019,209,2025-01-19,2026-01-14,2600,Ended,Pending Signature
140,365,210,2025-08-04,2026-07-30,3801,Active,Pending Signature
141,1505,214,2024-04-28,2024-10-25,3601,Expiring Soon,Pending Signature
142,1384,215,2024-09-09,2026-03-03,2201,Ended,Digital Signed
143,35,218,2025-11-06,2026-11-01,3761,Ended,Digital Signed
144,1467,220,2025-04-27,2026-10-19,1440,Active,Pending Signature
145,1684,221,2024-01-29,2025-01-23,3534,Ended,Manual Signed
146,1499,222,2025-03-07,2026-08-29,3544,Expiring Soon,Digital Signed
147,309,223,2024-12-17,2025-12-12,1876,Active,Digital Signed
148,1437,224,2025-06-17,2025-12-14,2353,Expiring Soon,Pending Signature
149,801,225,2024-09-19,2025-03-18,2486,Expiring Soon,Digital Signed
150,772,228,2024-02-05,2024-08-03,1800,Ended,Manual Signed
151,755,230,2025-04-17,2026-04-12,1516,Active,Pending Signature
152,1426,231,2025-07-02,2026-06-27,1413,Expiring Soon,Pending Signature
153,1953,232,2024-02-13,2025-02-07,3753,Active,Digital Signed
154,818,234,2024-07-12,2026-07-02,1627,Ended,Digital Signed
155,1094,235,2024-05-18,2025-11-09,1310,Active,Digital Signed
156,788,236,2024-09-27,2025-09-22,3631,Expiring Soon,Pending Signature
157,1565,237,2024-08-01,2026-01-23,958,Active,Manual Signed
158,350,239,2024-04-14,2025-04-09,3965,Active,Manual Signed
159,1253,241,2024-10-04,2026-03-28,3876,Active,Manual Signed
160,1782,250,2025-08-15,2026-08-10,3757,Ended,Pending Signature
161,725,251,2024-08-04,2025-01-31,3235,Ended,Pending Signature
162,1178,252,2025-08-11,2026-02-07,1136,Expiring Soon,Pending Signature
163,1699,253,2025-02-15,2026-02-10,4008,Ended,Manual Signed
164,193,254,2024-01-04,2025-12-24,2198,Active,Digital Signed
165,284,255,2025-06-01,2027-05-22,1249,Active,Manual Signed
166,663,256,2025-06-05,2026-11-27,2294,Active,Pending Signature
167,918,257,2024-12-25,2025-06-23,2915,Active,Pending Signature
168,419,259,2025-07-04,2026-12-26,4112,Active,Pending Signature
169,631,260,2024-05-06,2025-10-28,1602,Active,Digital Signed
170,1264,262,2024-01-22,2025-07-15,3066,Ended,Manual Signed
171,1039,263,2024-05-02,2024-10-29,1265,Expiring Soon,Pending Signature
172,1215,264,2024-02-05,2025-01-30,2912,Active,Digital Signed
173,1159,265,2025-08-27,2027-08-17,2610,Ended,Digital Signed
174,1825,266,2025-06-03,2026-11-25,4093,Active,Manual Signed
175,1951,268,2025-04-26,2026-10-18,1127,Active,Manual Signed
176,333,269,2024-08-15,2025-08-10,3854,Active,Pending Signature
177,704,271,2024-10-17,2026-04-10,2360,Expiring Soon,Digital Signed
178,668,272,2024-09-14,2025-03-13,1323,Active,Manual Signed
179,458,275,2024-01-09,2025-12-29,2812,Active,Manual Signed
180,1234,276,2024-04-25,2025-04-20,2930,Active,Manual Signed
181,559,277,2025-10-14,2027-04-07,3144,Active,Digital Signed
182,1375,278,2025-07-12,2026-07-07,1698,Expiring Soon,Digital Signed
183,892,279,2024-12-23,2025-12-18,3464,Active,Digital Signed
184,1287,282,2024-09-25,2025-03-24,3820,Active,Digital Signed
185,1304,283,2024-03-28,2026-03-18,3975,Active,Manual Signed
186,19,285,2025-10-30,2026-10-25,3245,Expiring Soon,Pending Signature
187,1512,286,2024-05-17,2024-11-13,3707,Active,Pending Signature
188,611,287,2024-03-08,2024-09-04,2357,Active,Manual Signed
189,1816,288,2025-05-21,2027-05-11,3661,Active,Digital Signed
190,280,290,2025-08-01,2026-07-27,3164,Active,Pending Signature
191,1765,291,2025-01-15,2026-01-10,1316,Ended,Manual Signed
192,1245,292,2024-03-18,2024-09-14,987,Ended,Pending Signature
193,47,293,2025-09-22,2026-09-17,1274,Active,Manual Signed
194,912,294,2024-05-27,2025-05-22,2965,Active,Manual Signed
195,550,297,2025-04-21,2025-10-18,2886,Ended,Manual Signed
196,1285,298,2025-07-25,2027-01-16,3542,Active,Manual Signed
197,974,300,2025-02-03,2026-01-29,1037,Ended,Pending Signature
198,293,303,2024-07-28,2025-07-23,1402,Active,Pending Signature
199,1567,305,2024-03-21,2025-09-12,3476,Active,Digital Signed
200,1265,306,2024-07-08,2025-07-03,3284,Active,Pending Signature
201,844,308,2025-10-23,2026-10-18,2576,Active,Pending Signature
202,867,310,2024-04-12,2024-10-09,3280,Ended,Manual Signed
203,1209,311,2024-02-22,2024-08-20,2375,Active,Pending Signature
204,624,312,2025-01-26,2027-01-16,1577,Expiring Soon,Digital Signed
205,129,313,2025-01-25,2026-01-20,1298,Active,Pending Signature
206,897,316,2024-01-13,2025-01-07,2879,Ended,Pending Signature
207,1176,317,2025-04-04,2026-03-30,2113,Active,Digital Signed
208,1268,321,2024-02-05,2024-08-03,3329,Ended,Pending Signature
209,812,323,2024-08-30,2026-02-21,1057,Expiring Soon,Manual Signed
210,993,325,2024-05-18,2024-11-14,3477,Ended,Pending Signature
211,45,327,2024-07-20,2026-01-11,4118,Ended,Manual Signed
212,1152,329,2024-02-01,2024-07-30,1299,Active,Pending Signature
213,8,330,2025-05-02,2027-04-22,2668,Active,Digital Signed
214,1134,331,2024-03-02,2024-08-29,1838,Expiring Soon,Digital Signed
215,1602,334,2024-05-19,2025-05-14,1449,Ended,Digital Signed
216,1220,335,2024-01-27,2025-07-20,2013,Active,Manual Signed
217,937,336,2025-04-17,2025-10-14,3970,Active,Digital Signed
218,629,339,2025-11-01,2027-04-25,2398,Active,Digital Signed
219,1405,342,2024-04-05,2024-10-02,2831,Active,Manual Signed
220,1393,343,2025-01-24,2027-01-14,1042,Active,Manual Signed
221,1020,344,2025-06-05,2026-11-27,1012,Active,Manual Signed
222,523,346,2025-02-03,2026-07-28,2311,Active,Digital Signed
223,1146,349,2024-05-02,2024-10-29,3194,Active,Pending Signature
224,721,350,2024-10-13,2026-04-06,3978,Active,Pending Signature
225,1266,352,2024-04-23,2026-04-13,2177,Active,Manual Signed
226,1743,353,2024-03-11,2025-09-02,3830,Active,Pending Signature
227,1170,354,2024-09-19,2025-09-14,3663,Active,Pending Signature
228,583,355,2024-02-25,2025-02-19,1539,Active,Pending Signature
229,831,356,2024-10-27,2025-10-22,2793,Active,Pending Signature
230,565,358,2024-05-27,2024-11-23,3141,Expiring Soon,Digital Signed
231,155,359,2024-05-27,2025-05-22,3318,Active,Digital Signed
232,1043,360,2025-08-24,2026-08-19,3986,Active,Digital Signed
233,397,361,2025-11-11,2026-05-10,1581,Ended,Pending Signature
234,1644,362,2024-11-08,2026-05-02,2583,Expiring Soon,Digital Signed
235,1246,363,2025-01-19,2027-01-09,1348,Active,Digital Signed
236,1643,366,2025-11-21,2026-11-16,1987,Expiring Soon,Manual Signed
237,1033,367,2025-10-02,2026-09-27,2541,Active,Digital Signed
238,1735,369,2024-08-18,2025-08-13,2041,Expiring Soon,Pending Signature
239,620,370,2024-03-21,2025-09-12,1446,Ended,Pending Signature
240,231,372,2025-07-24,2026-01-20,1926,Active,Pending Signature
241,842,374,2024-12-19,2025-12-14,2208,Ended,Manual Signed
242,947,375,2024-12-25,2025-06-23,3752,Expiring Soon,Digital Signed
243,497,377,2024-05-14,2024-11-10,3570,Active,Manual Signed
244,592,378,2025-11-14,2026-05-13,1736,Active,Manual Signed
245,1719,380,2025-08-18,2026-02-14,1597,Active,Pending Signature
246,939,382,2025-07-07,2026-12-29,3538,Active,Manual Signed
247,1063,385,2025-09-13,2027-09-03,3803,Expiring Soon,Pending Signature
248,1933,387,2025-05-05,2027-04-25,2526,Expiring Soon,Manual Signed
249,1291,388,2025-11-21,2027-05-15,2447,Active,Digital Signed
250,423,389,2025-04-19,2026-10-11,4034,Active,Digital Signed
251,817,391,2025-05-27,2027-05-17,2150,Active,Pending Signature
252,1502,392,2025-04-12,2026-04-07,2636,Active,Manual Signed
253,1191,394,2024-08-24,2026-02-15,3303,Ended,Digital Signed
254,1099,395,2025-08-01,2026-01-28,2995,Ended,Digital Signed
255,1656,398,2025-05-17,2026-05-12,1179,Ended,Manual Signed
256,219,399,2024-05-13,2024-11-09,1620,Expiring Soon,Pending Signature
257,780,400,2024-02-14,2024-08-12,3566,Expiring Soon,Manual Signed
258,600,401,2025-06-25,2026-06-20,1869,Expiring Soon,Manual Signed
259,1591,402,2025-10-02,2026-09-27,2969,Active,Pending Signature
260,1197,403,2024-08-23,2025-08-18,1189,Ended,Pending Signature
261,58,404,2025-06-06,2026-11-28,4082,Active,Pending Signature
262,544,405,2024-02-10,2026-01-30,3072,Active,Digital Signed
263,594,407,2024-08-17,2026-08-07,3768,Ended,Pending Signature
264,648,408,2024-11-22,2025-11-17,1084,Expiring Soon,Digital Signed
265,21,409,2024-05-31,2024-11-27,1546,Active,Digital Signed
266,1623,411,2024-06-19,2025-06-14,2858,Expiring Soon,Manual Signed
267,1239,413,2024-05-31,2024-11-27,2590,Active,Pending Signature
268,342,414,2024-01-02,2024-12-27,3381,Active,Digital Signed
269,1358,415,2024-03-03,2024-08-30,3972,Active,Manual Signed
270,1311,416,2025-06-15,2026-12-07,3661,Active,Pending Signature
271,1055,417,2025-02-16,2026-08-10,1084,Active,Manual Signed
272,1652,418,2024-04-23,2026-04-13,3025,Active,Digital Signed
273,808,419,2025-06-12,2027-06-02,2703,Ended,Manual Signed
274,1794,420,2024-04-02,2024-09-29,2285,Active,Digital Signed
275,670,421,2025-02-19,2025-08-18,2326,Active,Manual Signed
276,351,422,2024-04-04,2025-09-26,3299,Ended,Manual Signed
277,243,423,2025-10-04,2026-09-29,3017,Active,Digital Signed
278,1712,425,2025-05-21,2026-05-16,2639,Expiring Soon,Manual Signed
279,1818,428,2025-08-18,2027-08-08,3406,Ended,Manual Signed
280,65,429,2025-04-15,2027-04-05,3815,Active,Pending Signature
281,336,430,2024-01-10,2025-12-30,2525,Active,Pending Signature
282,286,432,2025-07-10,2026-01-06,3023,Ended,Pending Signature
283,1969,434,2025-05-06,2026-05-01,2455,Expiring Soon,Digital Signed
284,940,436,2024-02-11,2024-08-09,2129,Active,Manual Signed
285,81,437,2025-08-26,2027-08-16,2464,Active,Manual Signed
286,813,438,2024-08-12,2025-08-07,1163,Expiring Soon,Digital Signed
287,820,439,2024-04-09,2025-04-04,1645,Expiring Soon,Digital Signed
288,1133,444,2024-04-08,2026-03-29,2809,Active,Pending Signature
289,1233,445,2024-04-04,2026-03-25,2273,Ended,Manual Signed
290,1847,447,2025-01-13,2026-01-08,3464,Active,Manual Signed
291,126,449,2024-05-24,2026-05-14,3656,Active,Digital Signed
292,38,450,2024-01-19,2025-01-13,2235,Active,Manual Signed
293,1721,451,2024-01-13,2024-07-11,1004,Active,Digital Signed
294,1115,452,2024-11-27,2025-11-22,1408,Active,Pending Signature
295,367,454,2025-02-24,2025-08-23,1370,Expiring Soon,Pending Signature
296,555,455,2025-01-19,2027-01-09,3310,Ended,Manual Signed
297,1095,456,2024-09-13,2025-09-08,2744,Ended,Manual Signed
298,1708,457,2024-10-06,2026-03-30,2106,Expiring Soon,Pending Signature
299,518,460,2024-05-31,2024-11-27,1381,Active,Digital Signed
300,735,461,2025-07-17,2026-07-12,1776,Active,Manual Signed
301,1066,463,2024-01-17,2025-01-11,4113,Ended,Digital Signed
302,214,466,2025-06-03,2026-05-29,2477,Active,Manual Signed
303,454,467,2024-08-15,2026-08-05,3681,Expiring Soon,Manual Signed
304,1140,469,2024-10-22,2025-04-20,3947,Active,Pending Signature
305,1797,470,2024-05-24,2024-11-20,4007,Ended,Pending Signature
306,1106,472,2025-05-27,2025-11-23,2802,Expiring Soon,Pending Signature
307,1174,474,2024-11-28,2025-11-23,3312,Expiring Soon,Digital Signed
308,1138,475,2025-01-02,2025-12-28,2262,Expiring Soon,Pending Signature
309,390,477,2024-06-12,2025-06-07,1931,Active,Pending Signature
310,1792,480,2024-01-18,2024-07-16,1136,Active,Digital Signed
311,1364,481,2024-06-12,2026-06-02,3743,Active,Manual Signed
312,1648,484,2024-05-22,2026-05-12,3462,Active,Digital Signed
313,85,485,2025-07-16,2026-01-12,3281,Expiring Soon,Digital Signed
314,676,486,2025-10-05,2026-09-30,3788,Active,Pending Signature
315,989,488,2025-08-01,2026-01-28,1623,Active,Manual Signed
316,1366,489,2025-02-11,2025-08-10,1172,Active,Digital Signed
317,1129,490,2025-04-20,2027-04-10,1174,Active,Digital Signed
318,486,491,2024-02-26,2025-02-20,2703,Expiring Soon,Pending Signature
319,1219,492,2024-01-25,2024-07-23,1999,Active,Digital Signed
320,971,494,2025-07-29,2026-07-24,4166,Ended,Digital Signed
