property_id,property_name,property_type,city,address,monthly_rent,status,bedrooms,bathrooms,sqft,amenities,latitude,longitude,created_at
1,Fort Worth Residency 1,Apartment,Fort Worth,617 Elm St,1953,Available,4,2.0,1564,"Elevator, Pool, Laundry",29.811239,-98.172067,2024-01-28
2,Houston Square 2,Single Family Home,Houston,444 Main St,2789,Available,3,1.5,3063,"Gym, Laundry, Security",30.67255,-97.746402,2024-04-04
3,Irving Square 3,Apartment,Irving,470 Elm St,3422,Occupied,2,2.0,1733,"Elevator, Pool, Laundry, Parking, Balcony, Gym",32.602916,-96.335181,2024-07-15
4,Fort Worth Villas 4,Apartment,Fort Worth,463 Oak Ave,4116,Reserved,4,1.5,1835,"Pool, Laundry, Balcony, Pet Friendly",31.924896,-97.223087,2025-11-17
5,San Antonio Villas 5,Apartment,San Antonio,510 Lake Rd,3137,Available,3,1.5,1652,"Balcony, Elevator, Pet Friendly, Security, Gym, Parking",30.501668,-98.387649,2024-03-08
6,Houston Park 6,Single Family Home,Houston,697 Market Blvd,1820,Occupied,4,2.0,2694,"Gym, Balcony, Storage, Pool, Security, Elevator",31.586421,-95.885452,2025-01-05
7,Houston Lakeview 7,Villa,Houston,357 Elm St,1322,Maintenance,3,2.5,842,"Gym, Laundry, Pool, Pet Friendly",31.035668,-95.013575,2024-01-12
8,Fort Worth Residency 8,Single Family Home,Fort Worth,256 Lake Rd,1406,Occupied,2,2.0,1852,"Parking, Balcony, Gym, Elevator, Storage, Clubhouse",32.645843,-96.72318,2026-02-19
9,Austin Heights 9,Single Family Home,Austin,187 Market Blvd,3403,Occupied,3,1.0,1977,"Security, Balcony, Pet Friendly",29.902738,-95.426966,2026-04-15
10,Fort Worth Gardens 10,Single Family Home,Fort Worth,305 Lake Rd,3652,Reserved,2,1.5,2596,"Balcony, Elevator, Laundry, Pool",32.951197,-95.856572,2025-02-12
11,Plano Heights 11,Condo,Plano,334 Main St,1445,Available,3,2.5,1665,"Parking, Elevator, Pet Friendly, Balcony, Pool",29.725168,-96.022557,2024-02-02
12,Plano Heights 12,Apartment,Plano,199 Market Blvd,2090,Available,3,1.5,2638,"Storage, Clubhouse, Pet Friendly, Laundry",31.355405,-97.07529,2024-12-28
13,Irving Villas 13,Condo,Irving,573 Oak Ave,3708,Available,3,1.0,1053,"Pool, Pet Friendly, Elevator, Storage, Balcony",31.270147,-97.023414,2024-03-18
14,Arlington Park 14,Single Family Home,Arlington,160 Oak Ave,3621,Occupied,1,1.0,2864,"Pet Friendly, Gym, Laundry",31.399744,-97.751884,2025-01-23
15,Dallas Villas 15,Condo,Dallas,158 Main St,2118,Occupied,2,2.5,2382,"Gym, Pet Friendly, Balcony, Pool, Parking, Clubhouse",32.27508,-98.286648,2025-08-21
16,Arlington Residency 16,Single Family Home,Arlington,692 Elm St,1182,Available,3,1.5,2730,"Pool, Storage, Pet Friendly, Clubhouse",30.119603,-95.383994,2024-02-10
17,Fort Worth Park 17,Condo,Fort Worth,423 Main St,3265,Occupied,4,3.0,2791,"Pet Friendly, Security, Storage, Gym, Clubhouse",30.158074,-96.240747,2024-01-10
18,Arlington Lakeview 18,Single Family Home,Arlington,820 Lake Rd,1250,Available,3,1.0,2852,"Gym, Security, Pool, Clubhouse, Storage",30.697456,-96.966354,2025-09-18
19,Dallas Villas 19,Single Family Home,Dallas,308 Lake Rd,1500,Available,2,1.0,1733,"Elevator, Gym, Balcony",30.686147,-97.762796,2025-06-01
20,Arlington Gardens 20,Townhouse,Arlington,552 Elm St,3548,Occupied,1,1.0,2384,"Parking, Security, Gym",31.929897,-97.583157,2025-12-23
21,Irving Square 21,Single Family Home,Irving,981 Main St,1258,Occupied,1,1.0,1260,"Storage, Elevator, Gym, Pet Friendly, Pool",29.846401,-97.22372,2025-01-01
22,Houston Gardens 22,Villa,Houston,440 Market Blvd,2398,Maintenance,4,1.0,2943,"Storage, Gym, Pet Friendly, Laundry, Pool, Security",32.784957,-98.413248,2026-04-01
23,Houston Residency 23,Townhouse,Houston,124 Oak Ave,2516,Maintenance,2,1.0,808,"Pet Friendly, Clubhouse, Security, Gym",32.571877,-95.450369,2025-02-12
24,Plano Heights 24,Townhouse,Plano,710 Market Blvd,2388,Occupied,1,2.0,2736,"Parking, Pool, Balcony, Elevator, Clubhouse",33.06887,-97.570868,2024-12-19
25,Plano Gardens 25,Condo,Plano,836 Oak Ave,1423,Maintenance,3,3.0,2227,"Balcony, Parking, Laundry, Elevator",31.519721,-95.677212,2025-01-07
26,Irving Gardens 26,Apartment,Irving,402 Elm St,3502,Occupied,4,2.0,1935,"Balcony, Elevator, Storage",32.034125,-97.35836,2024-05-10
27,Houston Lakeview 27,Condo,Houston,770 Lake Rd,3724,Occupied,4,2.5,1362,"Laundry, Elevator, Parking, Gym, Storage",30.435639,-95.749844,2025-04-21
28,Arlington Gardens 28,Condo,Arlington,417 Oak Ave,3043,Occupied,4,1.5,2588,"Pool, Balcony, Security, Parking",32.564482,-95.871017,2026-04-05
29,Houston Park 29,Villa,Houston,349 Oak Ave,1952,Occupied,1,1.0,2596,"Clubhouse, Laundry, Pet Friendly",32.214211,-97.156075,2025-11-02
30,Dallas Lakeview 30,Apartment,Dallas,709 Lake Rd,1670,Occupied,3,1.5,2771,"Pool, Clubhouse, Gym, Laundry",31.326251,-96.641038,2026-02-12
31,Arlington Square 31,Single Family Home,Arlington,896 Elm St,2697,Occupied,4,3.0,2894,"Clubhouse, Storage, Balcony, Laundry",30.565339,-96.268185,2025-05-11
32,Houston Gardens 32,Townhouse,Houston,319 Main St,3872,Available,3,1.0,1820,"Security, Elevator, Pool, Clubhouse, Laundry",30.509415,-96.071176,2025-02-28
33,Irving Square 33,Townhouse,Irving,529 Elm St,2653,Available,3,2.5,905,"Laundry, Parking, Storage, Pet Friendly, Elevator, Gym",30.745144,-97.135047,2026-02-04
34,Houston Lakeview 34,Condo,Houston,677 Main St,2735,Available,2,2.0,2639,"Laundry, Gym, Clubhouse, Pool, Balcony",31.569433,-95.325749,2024-03-26
35,Irving Square 35,Villa,Irving,531 Lake Rd,1155,Occupied,3,1.5,1715,"Clubhouse, Security, Elevator, Laundry",32.77874,-97.526102,2024-03-24
36,Arlington Residency 36,Apartment,Arlington,344 Oak Ave,1163,Available,4,3.0,2083,"Parking, Storage, Pet Friendly",30.397762,-98.42867,2025-04-29
37,Fort Worth Villas 37,Single Family Home,Fort Worth,689 Market Blvd,3815,Occupied,2,2.5,1699,"Storage, Pool, Gym, Clubhouse",30.078346,-98.410126,2025-02-10
38,Houston Heights 38,Apartment,Houston,618 Lake Rd,1367,Maintenance,3,1.5,1885,"Storage, Parking, Security",31.564608,-96.184675,2024-01-13
39,Irving Lakeview 39,Condo,Irving,374 Lake Rd,2433,Occupied,1,2.5,2533,"Gym, Elevator, Balcony, Clubhouse, Laundry, Pet Friendly",31.327058,-95.609929,2024-09-08
40,Fort Worth Villas 40,Townhouse,Fort Worth,448 Lake Rd,4023,Occupied,3,1.5,2553,"Security, Parking, Clubhouse, Laundry, Gym, Pool",31.406425,-97.258113,2025-09-02
41,San Antonio Villas 41,Single Family Home,San Antonio,326 Market Blvd,1732,Available,1,3.0,1000,"Clubhouse, Elevator, Pet Friendly, Security, Storage, Laundry",31.268611,-98.439649,2025-12-09
42,Houston Residency 42,Townhouse,Houston,223 Oak Ave,2461,Occupied,4,3.0,2588,"Laundry, Elevator, Security, Gym, Clubhouse",31.288108,-97.42682,2024-11-19
43,Fort Worth Villas 43,Single Family Home,Fort Worth,114 Elm St,1734,Occupied,4,1.5,1536,"Storage, Elevator, Balcony, Parking, Pool",30.736863,-97.236916,2024-05-09
44,San Antonio Villas 44,Apartment,San Antonio,982 Market Blvd,2146,Occupied,1,3.0,1167,"Pool, Parking, Balcony, Pet Friendly, Laundry, Security",30.892471,-95.120758,2024-04-26
45,Fort Worth Residency 45,Condo,Fort Worth,894 Elm St,3313,Available,3,1.0,869,"Pool, Pet Friendly, Storage, Balcony, Elevator",31.822112,-95.732407,2025-01-24
46,Arlington Heights 46,Condo,Arlington,260 Oak Ave,2706,Occupied,2,3.0,1900,"Storage, Pool, Pet Friendly",31.889303,-97.573739,2024-06-26
47,Fort Worth Gardens 47,Villa,Fort Worth,339 Lake Rd,2795,Occupied,1,2.5,3082,"Pet Friendly, Balcony, Elevator",32.160456,-96.91089,2026-03-17
48,Houston Lakeview 48,Condo,Houston,395 Market Blvd,1870,Maintenance,1,3.0,1260,"Pool, Parking, Gym, Laundry",30.776641,-95.878648,2024-05-07
49,Arlington Gardens 49,Townhouse,Arlington,956 Elm St,2065,Occupied,4,2.5,2699,"Pool, Parking, Laundry, Security, Gym, Balcony",30.576288,-98.180356,2025-08-24
50,Dallas Villas 50,Townhouse,Dallas,786 Main St,4075,Occupied,3,1.0,1367,"Balcony, Gym, Laundry, Security, Pet Friendly, Parking",31.345036,-97.070782,2024-06-13
51,Plano Square 51,Condo,Plano,513 Elm St,2130,Occupied,4,2.5,2290,"Clubhouse, Pool, Security",30.583396,-98.094274,2024-01-02
52,Arlington Gardens 52,Condo,Arlington,596 Main St,3073,Occupied,1,1.5,2131,"Clubhouse, Parking, Pet Friendly, Gym, Balcony, Pool",32.946855,-96.966594,2024-01-30
53,Houston Gardens 53,Villa,Houston,398 Elm St,1006,Occupied,2,3.0,2912,"Pool, Clubhouse, Storage, Security",32.612501,-96.755686,2025-12-23
54,San Antonio Villas 54,Condo,San Antonio,906 Elm St,1948,Occupied,3,2.5,2520,"Pet Friendly, Elevator, Gym, Laundry, Parking, Clubhouse",32.404363,-95.509557,2024-09-30
55,Dallas Villas 55,Townhouse,Dallas,990 Oak Ave,3354,Reserved,4,2.0,3025,"Gym, Clubhouse, Elevator, Storage, Laundry, Balcony",32.370054,-97.179765,2025-12-15
56,Houston Square 56,Single Family Home,Houston,202 Market Blvd,4126,Available,3,1.5,2332,"Laundry, Storage, Gym, Pet Friendly, Parking, Pool",31.458019,-96.434368,2024-04-12
57,Arlington Park 57,Apartment,Arlington,424 Market Blvd,2629,Available,4,1.5,1282,"Security, Laundry, Pool, Elevator, Gym",32.683195,-95.492302,2025-07-08
58,Dallas Heights 58,Single Family Home,Dallas,147 Lake Rd,3535,Reserved,1,1.5,1827,"Laundry, Pool, Elevator",31.252875,-96.070996,2026-03-26
59,Dallas Residency 59,Townhouse,Dallas,609 Elm St,2714,Available,2,2.0,1246,"Storage, Gym, Elevator, Pool, Parking, Balcony",32.747939,-96.331014,2024-05-26
60,Houston Park 60,Condo,Houston,806 Lake Rd,2832,Occupied,4,2.0,1695,"Balcony, Elevator, Gym, Parking, Pet Friendly, Clubhouse",33.156781,-97.45296,2025-04-12
61,San Antonio Square 61,Villa,San Antonio,802 Main St,1386,Occupied,3,2.5,1621,"Storage, Balcony, Elevator, Parking, Security",31.08532,-98.471657,2025-09-12
62,Arlington Residency 62,Townhouse,Arlington,192 Lake Rd,2393,Occupied,2,3.0,1547,"Gym, Pool, Parking, Storage, Pet Friendly",29.816776,-97.222986,2024-11-30
63,Irving Park 63,Villa,Irving,925 Lake Rd,4171,Maintenance,2,1.5,2859,"Elevator, Storage, Balcony, Laundry, Pool",30.599395,-95.613586,2026-02-03
64,Plano Villas 64,Apartment,Plano,788 Lake Rd,1526,Maintenance,3,1.0,1574,"Elevator, Security, Pool, Laundry, Pet Friendly, Parking",30.625605,-98.067439,2025-08-21
65,Irving Park 65,Townhouse,Irving,219 Oak Ave,2881,Occupied,1,1.5,752,"Storage, Pet Friendly, Pool, Security, Elevator",32.882857,-97.442334,2024-02-16
66,Dallas Lakeview 66,Townhouse,Dallas,529 Elm St,1348,Maintenance,3,1.0,1611,"Laundry, Clubhouse, Security, Elevator",33.022833,-96.062306,2026-01-30
67,Austin Heights 67,Condo,Austin,802 Lake Rd,2954,Occupied,4,1.0,3171,"Parking, Security, Pet Friendly, Clubhouse, Laundry",33.026943,-95.505924,2025-07-11
68,Plano Residency 68,Apartment,Plano,170 Elm St,1727,Reserved,3,2.0,1150,"Pool, Pet Friendly, Parking, Clubhouse, Gym, Storage",33.160873,-95.745577,2024-07-31
69,Houston Heights 69,Villa,Houston,234 Main St,4180,Available,2,1.5,3091,"Gym, Elevator, Balcony, Laundry",30.31074,-96.186298,2025-01-01
70,Houston Lakeview 70,Single Family Home,Houston,326 Elm St,1663,Available,2,1.0,1736,"Elevator, Pool, Storage, Pet Friendly, Laundry, Gym",31.496333,-98.118311,2024-02-14
71,San Antonio Villas 71,Condo,San Antonio,739 Elm St,1199,Occupied,4,1.0,2611,"Pool, Clubhouse, Elevator, Parking, Laundry, Gym",31.829041,-98.270112,2025-07-15
72,Plano Park 72,Condo,Plano,525 Main St,2157,Occupied,3,3.0,2508,"Pool, Storage, Pet Friendly, Clubhouse, Laundry, Elevator",31.148347,-95.604033,2024-11-16
73,Irving Residency 73,Townhouse,Irving,669 Main St,2483,Occupied,4,2.0,1275,"Pool, Storage, Elevator, Parking, Pet Friendly, Laundry",32.306061,-97.195736,2025-08-23
74,Plano Residency 74,Apartment,Plano,772 Market Blvd,3675,Maintenance,3,2.0,2382,"Balcony, Storage, Security",30.062602,-96.724056,2024-08-17
75,Fort Worth Square 75,Townhouse,Fort Worth,416 Lake Rd,1420,Occupied,3,2.0,1791,"Elevator, Storage, Parking, Balcony, Security, Gym",29.801336,-97.543554,2024-12-25
76,Dallas Residency 76,Villa,Dallas,478 Lake Rd,3642,Available,2,3.0,2291,"Pool, Elevator, Pet Friendly",31.01668,-96.91224,2026-01-08
77,Plano Park 77,Single Family Home,Plano,524 Lake Rd,1165,Available,3,1.0,1287,"Pool, Balcony, Clubhouse",32.016785,-96.800184,2024-08-08
78,Fort Worth Residency 78,Townhouse,Fort Worth,885 Oak Ave,2110,Occupied,3,1.0,3079,"Parking, Pet Friendly, Laundry, Balcony, Storage",29.726905,-97.445032,2026-02-21
79,San Antonio Villas 79,Townhouse,San Antonio,173 Market Blvd,981,Occupied,2,1.0,2687,"Gym, Laundry, Pet Friendly, Balcony",31.655532,-96.161831,2026-01-29
80,Dallas Park 80,Condo,Dallas,951 Lake Rd,1268,Occupied,1,2.5,1932,"Laundry, Balcony, Pool, Pet Friendly, Parking, Gym",30.301556,-95.18335,2024-03-31
81,Irving Lakeview 81,Apartment,Irving,298 Lake Rd,3362,Occupied,2,2.5,2290,"Balcony, Security, Pet Friendly, Gym, Pool, Parking",31.486691,-98.100907,2024-12-25
82,Austin Park 82,Villa,Austin,797 Elm St,1998,Available,1,1.5,1458,"Pool, Gym, Clubhouse, Pet Friendly",32.34056,-95.84043,2025-10-20
83,Plano Heights 83,Townhouse,Plano,477 Lake Rd,1229,Occupied,2,2.5,2570,"Balcony, Parking, Security, Storage, Elevator",30.786427,-96.918301,2024-03-19
84,Fort Worth Heights 84,Single Family Home,Fort Worth,561 Main St,2524,Occupied,3,3.0,2545,"Clubhouse, Pet Friendly, Security",31.81752,-96.745214,2026-04-10
85,Plano Gardens 85,Apartment,Plano,712 Main St,1110,Occupied,3,1.5,1664,"Elevator, Storage, Gym, Clubhouse, Laundry, Security",31.055958,-95.789373,2026-03-19
86,Plano Gardens 86,Apartment,Plano,501 Oak Ave,3235,Available,2,1.0,2233,"Security, Pool, Gym, Clubhouse",30.785811,-96.203808,2025-09-01
87,Fort Worth Residency 87,Townhouse,Fort Worth,449 Market Blvd,3585,Occupied,3,2.5,1995,"Laundry, Elevator, Security",29.763807,-97.418969,2024-07-15
88,Houston Gardens 88,Villa,Houston,889 Elm St,2161,Occupied,2,1.0,1064,"Security, Gym, Laundry",30.239885,-97.867039,2026-04-08
89,Austin Gardens 89,Condo,Austin,684 Market Blvd,2442,Reserved,1,2.5,1622,"Clubhouse, Pet Friendly, Elevator, Gym, Storage",32.86391,-97.820943,2025-04-17
90,San Antonio Gardens 90,Condo,San Antonio,966 Elm St,2664,Occupied,3,3.0,1313,"Balcony, Parking, Clubhouse, Laundry",30.999242,-95.229973,2024-05-07
91,San Antonio Residency 91,Apartment,San Antonio,495 Main St,2790,Available,2,2.0,2752,"Pool, Pet Friendly, Clubhouse, Gym, Parking, Elevator",29.886399,-96.742975,2025-01-18
92,Houston Park 92,Apartment,Houston,559 Elm St,3877,Occupied,2,1.0,2023,"Parking, Balcony, Clubhouse, Security",32.608887,-95.844056,2024-01-06
93,Fort Worth Lakeview 93,Apartment,Fort Worth,568 Main St,1562,Reserved,2,1.5,2897,"Pool, Balcony, Pet Friendly, Gym, Parking, Security",30.534538,-96.263669,2024-04-23
94,Arlington Residency 94,Single Family Home,Arlington,780 Main St,3538,Occupied,3,1.0,2760,"Balcony, Laundry, Parking, Storage",30.934856,-96.502677,2025-06-20
95,Plano Residency 95,Apartment,Plano,850 Main St,3028,Occupied,3,3.0,2729,"Clubhouse, Parking, Laundry, Gym, Storage, Elevator",30.949829,-98.263542,2026-03-01
96,Plano Park 96,Villa,Plano,137 Lake Rd,3186,Occupied,1,2.0,2036,"Clubhouse, Storage, Gym, Laundry",30.171984,-95.993842,2024-07-25
97,Dallas Heights 97,Villa,Dallas,918 Lake Rd,2220,Occupied,1,2.0,2761,"Balcony, Parking, Pet Friendly, Gym, Laundry, Elevator",32.730294,-97.338264,2025-03-23
98,Irving Square 98,Condo,Irving,284 Elm St,1715,Occupied,3,2.0,2682,"Elevator, Balcony, Pool, Security, Pet Friendly",29.976245,-96.391413,2024-10-27
99,Plano Gardens 99,Apartment,Plano,910 Main St,3657,Occupied,1,2.0,1860,"Gym, Clubhouse, Security, Pet Friendly, Parking, Storage",31.85198,-96.977708,2024-03-17
100,Irving Heights 100,Townhouse,Irving,719 Oak Ave,1077,Occupied,3,1.5,1234,"Parking, Gym, Pool, Clubhouse, Security, Elevator",30.967527,-95.176865,2025-11-26
101,Arlington Lakeview 101,Townhouse,Arlington,496 Elm St,4075,Occupied,2,2.5,964,"Laundry, Security, Balcony, Pool, Parking",29.790697,-97.848832,2024-04-30
102,San Antonio Heights 102,Townhouse,San Antonio,929 Lake Rd,1828,Available,4,2.5,3156,"Pet Friendly, Pool, Gym, Laundry, Parking, Storage",30.304297,-96.003205,2025-11-14
103,Plano Residency 103,Apartment,Plano,909 Market Blvd,2139,Maintenance,3,3.0,1878,"Security, Elevator, Pet Friendly, Parking",33.147964,-95.72777,2024-01-27
104,Plano Lakeview 104,Single Family Home,Plano,520 Market Blvd,2864,Available,3,2.0,2909,"Pool, Balcony, Laundry",33.198583,-95.983956,2025-08-11
105,Fort Worth Heights 105,Villa,Fort Worth,951 Main St,2793,Occupied,2,1.0,2558,"Gym, Elevator, Storage, Laundry, Pool",31.214164,-95.312507,2025-06-14
106,Austin Lakeview 106,Townhouse,Austin,646 Main St,2271,Occupied,2,1.5,1573,"Pool, Balcony, Pet Friendly, Security, Elevator",30.660579,-96.312422,2025-05-29
107,Austin Villas 107,Single Family Home,Austin,766 Oak Ave,1651,Occupied,3,1.5,3128,"Parking, Pool, Storage",33.019914,-95.801422,2026-02-24
108,Irving Park 108,Single Family Home,Irving,525 Market Blvd,2989,Available,4,1.0,2884,"Clubhouse, Pet Friendly, Laundry, Gym, Elevator",29.955406,-98.290304,2025-04-20
109,Houston Heights 109,Townhouse,Houston,373 Market Blvd,2230,Occupied,3,1.5,1957,"Laundry, Gym, Security, Balcony, Storage",30.071644,-97.653917,2024-09-10
110,Austin Park 110,Apartment,Austin,610 Lake Rd,2523,Occupied,1,2.0,3170,"Security, Storage, Pet Friendly, Laundry",30.257698,-95.014107,2025-05-24
111,Dallas Park 111,Apartment,Dallas,392 Elm St,2822,Available,3,3.0,1636,"Parking, Storage, Balcony, Pet Friendly, Clubhouse",32.788188,-96.21009,2024-01-09
112,Fort Worth Heights 112,Condo,Fort Worth,495 Elm St,3929,Occupied,2,2.0,2148,"Parking, Laundry, Storage, Balcony, Elevator",30.381294,-96.56372,2025-04-06
113,San Antonio Heights 113,Single Family Home,San Antonio,146 Main St,1436,Reserved,4,3.0,1177,"Security, Storage, Elevator, Laundry, Pool, Clubhouse",31.80862,-97.095145,2024-05-20
114,Plano Villas 114,Condo,Plano,707 Lake Rd,1560,Maintenance,3,2.5,3133,"Security, Storage, Gym, Pet Friendly",33.167155,-95.912382,2025-06-03
115,Arlington Gardens 115,Single Family Home,Arlington,901 Elm St,1018,Occupied,2,2.5,2158,"Laundry, Balcony, Parking",31.789184,-97.570643,2025-08-14
116,Houston Park 116,Apartment,Houston,255 Market Blvd,1648,Occupied,3,2.5,2797,"Gym, Pet Friendly, Parking, Balcony, Security, Clubhouse",30.367745,-96.956365,2025-12-08
117,Houston Park 117,Condo,Houston,645 Lake Rd,2881,Occupied,3,3.0,905,"Elevator, Security, Clubhouse, Balcony",31.018887,-95.151601,2025-07-13
118,Plano Park 118,Townhouse,Plano,457 Elm St,1737,Available,3,2.5,1659,"Pet Friendly, Balcony, Elevator, Security, Pool",32.11584,-96.788489,2026-03-25
119,San Antonio Villas 119,Townhouse,San Antonio,865 Market Blvd,3721,Occupied,1,3.0,2874,"Security, Gym, Balcony, Parking, Elevator, Laundry",30.912272,-96.951684,2024-08-07
120,Houston Villas 120,Single Family Home,Houston,834 Market Blvd,3801,Available,2,3.0,1762,"Pet Friendly, Parking, Storage, Security",30.514928,-98.149307,2024-04-12
121,Austin Gardens 121,Apartment,Austin,687 Oak Ave,2616,Occupied,3,1.5,2598,"Balcony, Security, Storage, Elevator",29.907069,-95.809463,2025-07-01
122,Dallas Villas 122,Villa,Dallas,391 Market Blvd,1098,Occupied,3,1.5,2276,"Balcony, Parking, Elevator, Gym",31.687867,-98.124448,2025-10-18
123,Arlington Villas 123,Villa,Arlington,681 Oak Ave,2067,Occupied,3,2.5,1439,"Gym, Clubhouse, Balcony, Security, Pool",29.749295,-97.320107,2024-06-28
124,Irving Park 124,Condo,Irving,871 Lake Rd,1305,Occupied,3,2.0,2291,"Gym, Clubhouse, Security, Pool",29.723905,-97.15749,2024-12-03
125,San Antonio Gardens 125,Single Family Home,San Antonio,888 Lake Rd,996,Occupied,4,3.0,1721,"Parking, Pool, Clubhouse, Gym",30.259009,-96.098742,2025-12-07
126,Fort Worth Square 126,Townhouse,Fort Worth,780 Oak Ave,1854,Reserved,2,3.0,1547,"Gym, Clubhouse, Security, Pet Friendly, Elevator, Balcony",32.894789,-95.849273,2026-02-19
127,Houston Residency 127,Single Family Home,Houston,686 Elm St,2779,Occupied,1,3.0,2813,"Storage, Pool, Parking",32.600709,-95.339891,2024-06-02
128,Austin Lakeview 128,Townhouse,Austin,159 Elm St,1426,Occupied,3,2.5,1491,"Pool, Elevator, Clubhouse, Laundry, Parking, Pet Friendly",30.161805,-97.046014,2025-04-18
129,San Antonio Heights 129,Apartment,San Antonio,583 Main St,962,Occupied,3,2.0,1542,"Laundry, Security, Pool",31.594072,-98.289105,2024-10-20
130,Irving Lakeview 130,Villa,Irving,230 Oak Ave,2483,Occupied,2,2.5,2216,"Laundry, Pool, Gym, Security, Clubhouse, Parking",30.324658,-96.619595,2024-01-04
131,Dallas Gardens 131,Townhouse,Dallas,883 Main St,2687,Occupied,3,3.0,2828,"Pet Friendly, Clubhouse, Security, Pool",30.664774,-95.219064,2024-02-02
132,Irving Residency 132,Single Family Home,Irving,652 Oak Ave,1794,Available,1,1.5,925,"Clubhouse, Parking, Pet Friendly",32.291894,-97.092071,2026-02-11
133,Dallas Heights 133,Villa,Dallas,670 Elm St,1909,Occupied,3,2.0,3009,"Pet Friendly, Balcony, Gym, Security, Elevator",30.47365,-97.448247,2026-01-22
134,Austin Park 134,Condo,Austin,346 Oak Ave,1142,Reserved,3,2.5,2060,"Elevator, Security, Laundry, Pet Friendly, Pool, Gym",31.017611,-95.859544,2024-11-03
135,Austin Park 135,Condo,Austin,967 Lake Rd,2640,Occupied,1,3.0,2356,"Laundry, Pet Friendly, Balcony, Pool",30.85592,-98.223253,2024-04-04
136,Houston Villas 136,Apartment,Houston,410 Main St,3709,Occupied,2,2.5,3127,"Pet Friendly, Elevator, Storage",31.37788,-95.456842,2024-08-04
137,Houston Villas 137,Apartment,Houston,367 Lake Rd,1943,Occupied,4,2.5,3125,"Pet Friendly, Elevator, Security, Laundry, Gym, Storage",31.331877,-96.229475,2025-06-09
138,Arlington Lakeview 138,Condo,Arlington,698 Elm St,4069,Maintenance,1,2.5,1961,"Security, Laundry, Parking, Balcony, Pool",32.294383,-98.44323,2026-01-07
139,Irving Gardens 139,Townhouse,Irving,757 Market Blvd,2301,Occupied,2,1.5,1592,"Clubhouse, Elevator, Security, Gym",32.371762,-96.789826,2025-04-16
140,Austin Square 140,Townhouse,Austin,106 Market Blvd,3900,Occupied,2,1.5,2888,"Elevator, Parking, Pool",33.008158,-96.161246,2024-05-20
141,Houston Heights 141,Apartment,Houston,642 Lake Rd,987,Occupied,4,1.5,1545,"Parking, Clubhouse, Elevator, Storage, Laundry",31.562744,-97.060315,2025-07-02
142,San Antonio Heights 142,Apartment,San Antonio,482 Market Blvd,1684,Maintenance,3,2.5,1088,"Pet Friendly, Storage, Balcony, Laundry",30.940544,-95.717723,2025-04-15
143,Houston Square 143,Villa,Houston,544 Lake Rd,3627,Available,2,1.0,779,"Laundry, Elevator, Clubhouse, Parking, Security, Storage",32.159958,-98.210599,2025-08-02
144,Fort Worth Heights 144,Single Family Home,Fort Worth,312 Elm St,1815,Occupied,1,1.5,2971,"Pool, Balcony, Parking",30.327741,-95.523503,2024-05-27
145,Irving Heights 145,Apartment,Irving,612 Lake Rd,3259,Occupied,2,1.5,1634,"Elevator, Security, Laundry, Clubhouse, Storage, Pool",32.466743,-96.087413,2024-02-24
146,Fort Worth Park 146,Condo,Fort Worth,542 Oak Ave,2345,Occupied,2,1.0,3128,"Security, Parking, Balcony, Laundry, Pet Friendly, Storage",30.498484,-96.564368,2025-11-27
147,Irving Villas 147,Apartment,Irving,555 Lake Rd,1959,Available,3,2.0,951,"Laundry, Gym, Storage, Elevator",30.962451,-98.179678,2026-02-18
148,San Antonio Square 148,Apartment,San Antonio,494 Main St,1717,Occupied,2,1.0,2415,"Pool, Parking, Storage, Gym, Balcony, Elevator",31.789236,-95.754464,2024-10-25
149,Irving Villas 149,Condo,Irving,531 Lake Rd,1944,Occupied,1,3.0,2992,"Gym, Storage, Balcony, Elevator, Laundry, Pet Friendly",30.210772,-97.914774,2025-05-10
150,Fort Worth Square 150,Townhouse,Fort Worth,735 Market Blvd,3902,Occupied,2,1.5,2680,"Clubhouse, Pool, Gym, Storage",29.723686,-97.115078,2026-04-03
151,Plano Villas 151,Condo,Plano,852 Market Blvd,3616,Available,2,2.5,3084,"Storage, Pet Friendly, Clubhouse, Gym, Pool",33.076011,-95.109462,2025-08-12
152,Houston Gardens 152,Townhouse,Houston,572 Oak Ave,4168,Occupied,3,2.0,2259,"Storage, Elevator, Gym, Security",32.386663,-98.405794,2025-03-24
153,San Antonio Park 153,Apartment,San Antonio,647 Elm St,1520,Available,3,2.5,1890,"Laundry, Storage, Pool, Pet Friendly",33.167452,-96.822679,2025-12-09
154,Irving Lakeview 154,Single Family Home,Irving,760 Market Blvd,3823,Occupied,1,2.0,2849,"Pool, Pet Friendly, Security",30.282185,-96.355627,2026-02-09
155,Plano Lakeview 155,Condo,Plano,254 Lake Rd,1353,Available,1,1.0,1709,"Clubhouse, Security, Laundry, Pet Friendly",32.403198,-96.439935,2024-01-26
156,Arlington Villas 156,Apartment,Arlington,587 Main St,1301,Occupied,2,2.5,1125,"Security, Balcony, Storage, Pet Friendly",32.444945,-96.676098,2025-03-24
157,Arlington Park 157,Townhouse,Arlington,573 Oak Ave,1133,Available,1,2.0,1121,"Pool, Gym, Pet Friendly, Balcony, Storage",31.631686,-97.341536,2026-03-27
158,Irving Square 158,Villa,Irving,820 Main St,2570,Occupied,2,2.5,769,"Clubhouse, Laundry, Elevator, Parking",32.166575,-97.779754,2025-08-14
159,Fort Worth Villas 159,Single Family Home,Fort Worth,460 Market Blvd,2285,Occupied,2,2.0,1457,"Clubhouse, Elevator, Security, Balcony, Pet Friendly",31.839579,-96.445483,2025-09-24
160,Austin Park 160,Townhouse,Austin,710 Oak Ave,1297,Occupied,3,3.0,1198,"Balcony, Pool, Gym, Clubhouse",32.127028,-96.712113,2025-08-11
161,Irving Park 161,Condo,Irving,734 Main St,3553,Occupied,2,2.5,2851,"Elevator, Gym, Clubhouse, Storage",30.191038,-97.39897,2025-01-02
162,Dallas Square 162,Condo,Dallas,879 Oak Ave,2522,Occupied,2,1.5,2950,"Laundry, Clubhouse, Storage, Security, Pet Friendly, Elevator",30.285387,-96.521108,2024-10-26
163,Dallas Villas 163,Townhouse,Dallas,655 Main St,2132,Occupied,2,3.0,1338,"Elevator, Storage, Pool, Balcony, Parking, Gym",32.412896,-95.61851,2026-02-17
164,Arlington Square 164,Single Family Home,Arlington,220 Oak Ave,1369,Available,2,2.5,1663,"Clubhouse, Balcony, Security",32.717699,-98.195559,2024-08-02
165,Plano Villas 165,Single Family Home,Plano,820 Lake Rd,1629,Available,4,2.5,3173,"Pet Friendly, Parking, Security, Balcony",30.683798,-96.61431,2024-10-23
166,San Antonio Square 166,Single Family Home,San Antonio,792 Market Blvd,1505,Maintenance,4,1.0,2335,"Gym, Storage, Pet Friendly, Pool, Security",30.827338,-97.633558,2025-05-16
167,Austin Park 167,Single Family Home,Austin,599 Lake Rd,3521,Occupied,4,2.0,2346,"Pool, Laundry, Balcony",32.131463,-95.429389,2025-08-18
168,Dallas Lakeview 168,Apartment,Dallas,233 Elm St,3550,Maintenance,4,2.5,2117,"Pet Friendly, Laundry, Storage, Clubhouse, Gym, Security",32.599203,-97.317857,2025-05-11
169,Plano Residency 169,Apartment,Plano,765 Lake Rd,3514,Available,1,1.0,2532,"Clubhouse, Storage, Parking, Pet Friendly",30.408114,-96.089928,2024-06-11
170,San Antonio Gardens 170,Apartment,San Antonio,193 Main St,1975,Occupied,4,2.0,987,"Parking, Laundry, Balcony, Security",32.148045,-97.680497,2024-01-02
171,Houston Residency 171,Condo,Houston,492 Main St,3381,Occupied,1,1.5,1576,"Parking, Storage, Security, Laundry, Elevator, Pet Friendly",32.129109,-96.828049,2026-01-18
172,Fort Worth Gardens 172,Apartment,Fort Worth,318 Oak Ave,2175,Occupied,2,2.0,1211,"Gym, Pool, Parking, Balcony",31.975071,-96.959652,2025-02-25
173,Arlington Lakeview 173,Villa,Arlington,715 Elm St,1523,Occupied,1,1.0,1154,"Security, Laundry, Storage, Elevator, Pool, Clubhouse",30.669387,-98.205129,2026-01-08
174,San Antonio Park 174,Apartment,San Antonio,495 Main St,1791,Occupied,4,2.0,2770,"Laundry, Balcony, Parking, Storage",32.842694,-95.15865,2024-09-03
175,Arlington Square 175,Single Family Home,Arlington,174 Main St,999,Reserved,1,3.0,2129,"Laundry, Storage, Security, Balcony",32.090297,-95.830459,2025-08-24
176,Fort Worth Lakeview 176,Apartment,Fort Worth,256 Lake Rd,1113,Reserved,2,1.5,897,"Elevator, Balcony, Laundry, Pet Friendly, Security, Clubhouse",29.988497,-96.622023,2024-03-26
177,San Antonio Park 177,Apartment,San Antonio,218 Market Blvd,1586,Occupied,3,1.5,2847,"Balcony, Laundry, Pet Friendly",29.902671,-98.198255,2025-09-18
178,Dallas Gardens 178,Townhouse,Dallas,365 Oak Ave,1439,Occupied,4,1.5,701,"Gym, Clubhouse, Security",31.530519,-95.759545,2025-01-15
179,Austin Lakeview 179,Townhouse,Austin,468 Main St,4109,Occupied,4,1.0,770,"Balcony, Elevator, Pool, Gym, Security, Storage",31.896365,-96.763484,2025-05-26
180,Austin Residency 180,Townhouse,Austin,147 Market Blvd,4117,Maintenance,2,2.0,1071,"Pet Friendly, Elevator, Parking",29.854133,-95.47975,2025-01-07
181,Irving Lakeview 181,Villa,Irving,789 Main St,3214,Available,2,1.0,2367,"Laundry, Security, Balcony, Storage",29.972605,-97.195171,2024-07-02
182,Houston Villas 182,Single Family Home,Houston,857 Elm St,1232,Maintenance,1,2.5,2555,"Security, Pool, Clubhouse, Parking, Gym",30.402349,-96.526676,2024-09-05
183,Arlington Square 183,Townhouse,Arlington,810 Main St,4114,Occupied,3,2.5,1450,"Gym, Parking, Laundry, Elevator",30.515492,-97.287517,2024-12-09
184,Dallas Residency 184,Condo,Dallas,965 Elm St,1375,Occupied,4,2.0,1490,"Laundry, Clubhouse, Parking, Pool",32.190784,-98.174407,2025-02-26
185,Plano Square 185,Condo,Plano,502 Lake Rd,3328,Occupied,4,1.0,1041,"Pool, Parking, Laundry, Security, Storage, Clubhouse",30.720866,-95.521802,2024-11-21
186,Arlington Heights 186,Townhouse,Arlington,648 Lake Rd,1780,Occupied,2,1.0,1207,"Gym, Pool, Storage",31.273484,-97.400883,2026-02-27
187,Houston Villas 187,Condo,Houston,505 Elm St,2035,Available,2,2.5,1141,"Storage, Parking, Pet Friendly, Laundry, Gym",30.219133,-96.010949,2024-02-20
188,San Antonio Heights 188,Townhouse,San Antonio,950 Oak Ave,2606,Occupied,2,1.0,2502,"Pool, Clubhouse, Storage, Laundry",32.478334,-98.074914,2024-05-13
189,Houston Residency 189,Condo,Houston,194 Lake Rd,3335,Available,2,1.0,3050,"Parking, Pool, Pet Friendly",32.858736,-96.94799,2024-05-05
190,Dallas Villas 190,Condo,Dallas,386 Market Blvd,3300,Occupied,1,1.5,2424,"Clubhouse, Parking, Laundry, Security, Pet Friendly, Pool",30.938801,-95.320935,2024-06-01
191,Dallas Lakeview 191,Single Family Home,Dallas,355 Elm St,1956,Occupied,3,3.0,1858,"Parking, Pool, Balcony, Pet Friendly, Elevator, Laundry",30.398102,-95.403716,2026-03-24
192,Dallas Residency 192,Condo,Dallas,130 Lake Rd,2914,Occupied,4,2.0,2880,"Storage, Elevator, Security, Pet Friendly, Gym",30.329356,-97.383929,2024-02-29
193,Arlington Square 193,Single Family Home,Arlington,916 Market Blvd,1903,Available,2,3.0,1303,"Balcony, Elevator, Parking, Laundry",33.187372,-97.732059,2024-12-29
194,Austin Park 194,Villa,Austin,655 Lake Rd,2252,Maintenance,2,3.0,2119,"Security, Gym, Pet Friendly",32.628439,-95.663596,2024-06-28
195,Arlington Square 195,Apartment,Arlington,989 Lake Rd,1902,Available,1,1.0,3114,"Parking, Security, Pet Friendly, Laundry, Pool, Gym",32.209282,-95.284267,2024-03-01
196,Dallas Residency 196,Villa,Dallas,849 Market Blvd,4121,Occupied,3,1.5,1104,"Pool, Security, Laundry, Balcony, Parking",30.877964,-97.370889,2026-03-21
197,Arlington Residency 197,Townhouse,Arlington,846 Main St,3790,Occupied,2,3.0,3163,"Storage, Gym, Laundry, Elevator",32.268982,-97.46919,2025-12-19
198,Irving Villas 198,Single Family Home,Irving,427 Oak Ave,3417,Maintenance,1,1.5,1953,"Storage, Pool, Clubhouse, Elevator",30.859089,-98.227677,2025-10-13
199,Fort Worth Park 199,Townhouse,Fort Worth,850 Market Blvd,2036,Available,3,1.0,1508,"Security, Balcony, Pool",32.221448,-98.331484,2024-06-19
200,Irving Heights 200,Condo,Irving,175 Lake Rd,3186,Available,3,2.0,2187,"Storage, Pet Friendly, Gym, Elevator, Parking, Security",30.73218,-97.384491,2024-06-23
201,Irving Residency 201,Villa,Irving,519 Elm St,3190,Occupied,4,1.0,1031,"Parking, Laundry, Gym, Balcony, Pet Friendly, Pool",29.887445,-97.341169,2026-01-09
202,San Antonio Lakeview 202,Townhouse,San Antonio,591 Oak Ave,1342,Occupied,2,1.5,853,"Gym, Parking, Security, Elevator, Pet Friendly, Laundry",30.730923,-96.182929,2024-04-09
203,Dallas Residency 203,Villa,Dallas,479 Market Blvd,1285,Occupied,2,2.0,2589,"Laundry, Clubhouse, Elevator, Security, Gym",30.018979,-96.595559,2025-01-13
204,Austin Villas 204,Condo,Austin,927 Elm St,2751,Available,1,2.0,2554,"Storage, Parking, Gym, Laundry, Security",32.03614,-98.200024,2025-02-27
205,Houston Lakeview 205,Single Family Home,Houston,684 Elm St,3090,Reserved,1,2.5,2364,"Storage, Pet Friendly, Clubhouse, Gym, Parking, Elevator",32.85972,-95.99993,2026-03-30
206,Austin Gardens 206,Apartment,Austin,251 Elm St,1634,Occupied,3,1.5,1517,"Parking, Laundry, Pool, Security",31.223876,-95.009558,2024-09-21
207,Plano Park 207,Apartment,Plano,215 Market Blvd,3228,Occupied,1,2.5,2277,"Elevator, Clubhouse, Parking, Laundry, Security",31.880703,-96.671033,2024-06-02
208,Austin Gardens 208,Single Family Home,Austin,597 Elm St,4056,Maintenance,3,3.0,1060,"Balcony, Elevator, Security",32.772627,-97.575522,2025-09-15
209,Arlington Villas 209,Apartment,Arlington,120 Lake Rd,2600,Occupied,2,2.0,1239,"Parking, Laundry, Security, Clubhouse, Pool, Storage",32.310124,-95.277078,2026-04-17
210,San Antonio Park 210,Townhouse,San Antonio,719 Main St,3801,Reserved,2,2.5,1052,"Gym, Balcony, Clubhouse, Laundry",32.590382,-97.55703,2024-07-11
211,Arlington Residency 211,Villa,Arlington,899 Elm St,4060,Maintenance,3,2.5,2765,"Elevator, Gym, Pool",30.788931,-96.726217,2025-08-05
212,Dallas Park 212,Villa,Dallas,750 Main St,1186,Available,2,1.5,1671,"Security, Pet Friendly, Balcony",30.989232,-96.875235,2025-11-28
213,Dallas Villas 213,Villa,Dallas,128 Market Blvd,3383,Available,2,2.5,2477,"Storage, Elevator, Security, Gym, Pool, Laundry",32.321364,-96.089023,2024-02-20
214,Austin Gardens 214,Single Family Home,Austin,277 Elm St,3601,Occupied,2,1.5,1572,"Laundry, Elevator, Parking, Storage, Security",29.731143,-95.309696,2026-03-31
215,Dallas Park 215,Villa,Dallas,698 Main St,2201,Occupied,2,3.0,1777,"Security, Clubhouse, Balcony, Pool, Pet Friendly, Gym",32.070187,-95.614912,2024-01-08
216,Plano Square 216,Single Family Home,Plano,383 Lake Rd,3444,Available,4,3.0,1807,"Clubhouse, Pool, Security",33.159263,-96.257918,2025-11-02
217,San Antonio Park 217,Villa,San Antonio,854 Main St,4085,Maintenance,2,3.0,1634,"Security, Gym, Parking, Storage, Pet Friendly, Elevator",30.607992,-97.03502,2025-08-20
218,Houston Residency 218,Townhouse,Houston,858 Lake Rd,3761,Occupied,4,1.5,2839,"Security, Elevator, Balcony, Laundry, Pool, Clubhouse",30.333976,-98.158389,2026-01-12
219,Austin Park 219,Townhouse,Austin,154 Elm St,1860,Available,4,1.0,2105,"Laundry, Security, Elevator, Gym, Balcony",30.729179,-95.520751,2025-08-17
220,Fort Worth Park 220,Condo,Fort Worth,246 Lake Rd,1440,Occupied,2,3.0,2213,"Parking, Gym, Elevator, Pool, Clubhouse, Pet Friendly",33.155171,-95.375042,2026-01-02
221,Austin Lakeview 221,Apartment,Austin,882 Oak Ave,3534,Occupied,3,2.0,1374,"Parking, Clubhouse, Balcony",30.432838,-95.792602,2025-05-16
222,Fort Worth Square 222,Villa,Fort Worth,953 Elm St,3544,Occupied,3,2.5,2408,"Laundry, Parking, Elevator, Balcony, Pool, Gym",33.02524,-95.377978,2024-07-14
223,Dallas Villas 223,Apartment,Dallas,397 Market Blvd,1876,Occupied,4,1.5,2060,"Laundry, Elevator, Balcony",30.284571,-95.616547,2026-01-15
224,Plano Residency 224,Condo,Plano,851 Main St,2353,Occupied,4,1.5,2657,"Gym, Laundry, Parking, Pool",30.485125,-95.052922,2025-08-26
225,Austin Gardens 225,Apartment,Austin,218 Market Blvd,2486,Occupied,2,1.0,1697,"Storage, Parking, Pool",31.987487,-98.430904,2025-03-30
226,Irving Lakeview 226,Apartment,Irving,817 Oak Ave,2893,Available,3,2.0,1277,"Balcony, Laundry, Pool",32.01869,-97.55508,2025-03-04
227,Fort Worth Residency 227,Single Family Home,Fort Worth,466 Market Blvd,1432,Available,4,3.0,1807,"Clubhouse, Pet Friendly, Elevator",32.422856,-95.589754,2024-10-29
228,Austin Residency 228,Apartment,Austin,192 Elm St,1800,Occupied,3,2.5,2618,"Parking, Pool, Elevator",32.623313,-96.158423,2024-03-17
229,Fort Worth Gardens 229,Townhouse,Fort Worth,420 Market Blvd,2820,Available,4,1.5,1862,"Pool, Gym, Parking",32.68287,-97.239249,2026-01-26
230,Fort Worth Park 230,Apartment,Fort Worth,378 Market Blvd,1516,Occupied,1,1.0,1348,"Storage, Balcony, Pool, Gym, Laundry, Clubhouse",30.098412,-97.099124,2025-12-07
231,Arlington Lakeview 231,Condo,Arlington,794 Market Blvd,1413,Occupied,4,1.5,1192,"Gym, Pool, Laundry",32.889294,-96.810638,2024-07-04
232,Irving Square 232,Townhouse,Irving,794 Elm St,3753,Occupied,3,1.0,1185,"Pool, Laundry, Clubhouse, Parking, Elevator, Gym",31.992407,-98.456739,2026-02-24
233,Houston Lakeview 233,Townhouse,Houston,155 Main St,3769,Available,3,3.0,3182,"Clubhouse, Security, Laundry, Pool",32.636616,-96.545795,2025-10-20
234,Austin Park 234,Single Family Home,Austin,936 Oak Ave,1627,Occupied,3,2.5,956,"Pet Friendly, Security, Balcony, Parking, Clubhouse",30.479473,-96.248389,2024-03-21
235,Arlington Lakeview 235,Condo,Arlington,100 Main St,1310,Occupied,3,2.5,2691,"Clubhouse, Parking, Pool",31.112039,-98.374588,2026-03-21
236,San Antonio Gardens 236,Single Family Home,San Antonio,772 Lake Rd,3631,Reserved,3,1.5,2518,"Parking, Pet Friendly, Clubhouse, Gym, Balcony",32.385957,-96.400171,2026-01-03
237,Arlington Residency 237,Apartment,Arlington,941 Market Blvd,958,Occupied,1,1.5,2048,"Elevator, Storage, Security, Clubhouse, Parking",29.860223,-97.925456,2024-04-19
238,San Antonio Lakeview 238,Single Family Home,San Antonio,226 Market Blvd,1444,Available,2,1.5,2259,"Security, Pool, Laundry, Parking",32.943193,-95.568868,2025-04-13
239,Austin Park 239,Condo,Austin,773 Elm St,3965,Occupied,1,3.0,848,"Storage, Clubhouse, Gym, Security, Balcony, Pool",32.256731,-98.050664,2025-09-12
240,Plano Lakeview 240,Single Family Home,Plano,406 Elm St,3444,Available,3,2.5,1666,"Balcony, Clubhouse, Gym, Pool, Pet Friendly",31.808836,-95.397471,2024-11-17
241,Houston Park 241,Villa,Houston,696 Elm St,3876,Occupied,2,3.0,1840,"Gym, Elevator, Security, Clubhouse",30.103918,-97.267168,2025-11-14
242,Irving Residency 242,Single Family Home,Irving,959 Main St,1002,Available,2,2.5,2791,"Gym, Parking, Elevator, Pool, Storage, Laundry",33.142363,-96.108134,2025-12-08
243,San Antonio Villas 243,Villa,San Antonio,809 Main St,2419,Available,3,1.0,2503,"Elevator, Laundry, Pet Friendly, Balcony",32.445075,-95.704124,2025-01-25
244,Irving Lakeview 244,Condo,Irving,659 Elm St,3211,Available,4,2.0,870,"Pet Friendly, Clubhouse, Storage, Security, Laundry",32.183409,-97.212906,2024-07-20
245,Houston Residency 245,Townhouse,Houston,264 Elm St,3746,Available,3,1.5,955,"Elevator, Pool, Laundry, Parking",31.199777,-96.551905,2024-09-18
246,Dallas Heights 246,Townhouse,Dallas,902 Lake Rd,1113,Maintenance,3,1.5,1279,"Storage, Balcony, Clubhouse",32.464679,-96.574439,2025-06-22
247,Houston Square 247,Villa,Houston,733 Elm St,4170,Available,3,1.0,2719,"Pool, Security, Pet Friendly, Storage, Elevator, Gym",30.858733,-97.47249,2025-05-01
248,Dallas Lakeview 248,Apartment,Dallas,841 Lake Rd,2775,Maintenance,4,2.0,1634,"Parking, Security, Laundry, Clubhouse",33.007457,-97.149434,2024-01-26
249,Plano Lakeview 249,Single Family Home,Plano,646 Main St,2943,Available,3,2.5,829,"Security, Elevator, Pool, Parking",30.285882,-95.153033,2025-10-03
250,Fort Worth Gardens 250,Villa,Fort Worth,439 Main St,3757,Occupied,4,1.5,2387,"Elevator, Laundry, Pool, Security",32.101152,-98.416865,2024-03-30
251,Fort Worth Heights 251,Apartment,Fort Worth,498 Main St,3235,Occupied,2,2.0,938,"Balcony, Laundry, Elevator, Pet Friendly",31.90576,-96.984412,2025-07-01
252,Dallas Park 252,Single Family Home,Dallas,504 Main St,1136,Occupied,1,3.0,947,"Balcony, Storage, Pool",30.685311,-95.256582,2025-04-30
253,Austin Heights 253,Single Family Home,Austin,105 Elm St,4008,Occupied,2,1.5,2251,"Gym, Balcony, Security, Parking, Elevator",32.761684,-98.005191,2025-09-02
254,Irving Residency 254,Single Family Home,Irving,217 Oak Ave,2198,Occupied,3,1.0,1510,"Pet Friendly, Laundry, Gym, Pool, Elevator",30.472758,-95.578381,2025-11-18
255,Dallas Heights 255,Single Family Home,Dallas,391 Elm St,1249,Occupied,3,3.0,1840,"Pool, Pet Friendly, Clubhouse, Gym, Laundry",30.148753,-96.205845,2024-03-12
256,Houston Square 256,Townhouse,Houston,326 Market Blvd,2294,Occupied,3,2.5,3174,"Storage, Security, Elevator, Pet Friendly",30.290238,-97.403748,2024-10-10
257,Plano Square 257,Villa,Plano,946 Oak Ave,2915,Occupied,4,2.0,2545,"Clubhouse, Elevator, Pool, Storage, Security",31.823197,-95.553725,2025-07-05
258,Houston Lakeview 258,Townhouse,Houston,652 Market Blvd,3929,Maintenance,4,1.0,958,"Storage, Laundry, Pet Friendly",32.872063,-96.569421,2025-10-31
259,Austin Square 259,Townhouse,Austin,925 Elm St,4112,Occupied,3,1.5,3065,"Gym, Clubhouse, Pool, Pet Friendly, Storage",31.457585,-96.180625,2025-12-01
260,Austin Villas 260,Single Family Home,Austin,478 Oak Ave,1602,Occupied,2,2.5,1383,"Clubhouse, Security, Parking, Pool",32.365153,-97.688875,2024-02-13
261,Houston Lakeview 261,Single Family Home,Houston,683 Oak Ave,2873,Maintenance,2,2.5,2512,"Security, Pool, Balcony",32.622053,-97.578394,2025-01-20
262,Irving Park 262,Townhouse,Irving,718 Main St,3066,Occupied,3,1.0,1680,"Elevator, Laundry, Security, Storage",32.737018,-96.795985,2025-05-28
263,Austin Gardens 263,Condo,Austin,335 Market Blvd,1265,Occupied,2,1.5,2757,"Gym, Storage, Elevator, Clubhouse",31.807071,-95.640657,2026-04-10
264,Plano Heights 264,Apartment,Plano,686 Oak Ave,2912,Occupied,3,2.5,1513,"Parking, Pet Friendly, Storage, Pool, Balcony, Security",30.263952,-96.296609,2024-02-27
265,Austin Square 265,Townhouse,Austin,593 Oak Ave,2610,Reserved,2,3.0,3104,"Balcony, Pool, Pet Friendly",31.272212,-95.025285,2024-08-12
266,Irving Residency 266,Single Family Home,Irving,211 Main St,4093,Occupied,2,3.0,1394,"Gym, Security, Clubhouse, Balcony, Laundry",29.94095,-97.17626,2024-07-26
267,Irving Lakeview 267,Villa,Irving,652 Main St,1676,Maintenance,3,1.0,2599,"Elevator, Storage, Pool",30.026165,-96.192126,2026-03-04
268,Irving Square 268,Single Family Home,Irving,185 Lake Rd,1127,Occupied,3,2.0,2820,"Laundry, Security, Pool, Pet Friendly, Clubhouse, Gym",31.369994,-97.686205,2025-09-04
269,Irving Villas 269,Townhouse,Irving,518 Lake Rd,3854,Occupied,2,1.0,679,"Elevator, Parking, Laundry",31.990911,-96.092816,2024-04-19
270,Austin Park 270,Condo,Austin,283 Lake Rd,1988,Maintenance,4,3.0,1720,"Storage, Security, Balcony, Elevator, Pet Friendly, Pool",31.146299,-95.756741,2025-07-26
271,Arlington Square 271,Townhouse,Arlington,446 Elm St,2360,Occupied,2,3.0,2280,"Pet Friendly, Clubhouse, Gym",30.050975,-96.720798,2025-09-20
272,Dallas Park 272,Villa,Dallas,728 Elm St,1323,Occupied,3,1.0,1245,"Pool, Storage, Balcony, Elevator, Gym, Parking",31.831601,-95.964269,2024-10-20
273,Dallas Gardens 273,Villa,Dallas,100 Oak Ave,2748,Available,4,2.5,693,"Pet Friendly, Parking, Storage, Balcony, Pool",32.059085,-97.24091,2024-03-29
274,San Antonio Lakeview 274,Condo,San Antonio,456 Lake Rd,2610,Available,2,2.5,3050,"Pool, Storage, Balcony",32.241485,-96.543101,2026-04-15
275,San Antonio Heights 275,Villa,San Antonio,922 Elm St,2812,Occupied,3,1.5,2304,"Gym, Laundry, Pool, Balcony, Parking",31.461092,-97.310119,2024-09-20
276,San Antonio Residency 276,Condo,San Antonio,793 Oak Ave,2930,Occupied,3,3.0,1646,"Clubhouse, Parking, Storage, Elevator, Gym, Laundry",31.039356,-95.739704,2026-03-30
277,Plano Lakeview 277,Condo,Plano,282 Market Blvd,3144,Occupied,2,3.0,689,"Pet Friendly, Balcony, Pool, Storage, Security",32.320758,-97.303025,2024-11-17
278,Plano Square 278,Villa,Plano,733 Lake Rd,1698,Occupied,3,2.0,1428,"Pet Friendly, Storage, Balcony, Pool",30.502226,-95.577708,2024-06-08
279,Fort Worth Lakeview 279,Apartment,Fort Worth,989 Lake Rd,3464,Occupied,1,2.5,677,"Clubhouse, Security, Elevator",31.423191,-95.051235,2025-05-17
280,Austin Park 280,Single Family Home,Austin,223 Elm St,1859,Available,2,2.5,3012,"Clubhouse, Elevator, Parking, Balcony, Gym, Pet Friendly",32.7114,-95.784336,2025-04-16
281,Plano Lakeview 281,Apartment,Plano,451 Lake Rd,2504,Available,1,1.5,3029,"Storage, Balcony, Gym, Elevator, Clubhouse",30.529987,-96.850291,2024-07-07
282,Arlington Gardens 282,Condo,Arlington,376 Oak Ave,3820,Occupied,2,2.5,2174,"Balcony, Clubhouse, Gym, Storage, Pool, Laundry",32.101042,-95.650333,2025-07-22
283,Irving Gardens 283,Condo,Irving,629 Elm St,3975,Occupied,2,1.5,1262,"Gym, Laundry, Clubhouse",30.170651,-95.373554,2026-01-07
284,Plano Gardens 284,Condo,Plano,198 Market Blvd,3252,Available,2,2.0,2975,"Gym, Parking, Pet Friendly",32.548363,-96.832112,2026-02-01
285,Plano Residency 285,Townhouse,Plano,690 Elm St,3245,Reserved,2,2.0,2933,"Security, Parking, Laundry, Elevator, Gym",32.73579,-95.129092,2025-10-27
286,Austin Villas 286,Townhouse,Austin,531 Elm St,3707,Occupied,2,2.0,2740,"Pool, Laundry, Balcony, Pet Friendly, Security, Storage",32.738902,-96.257968,2025-08-08
287,Irving Park 287,Apartment,Irving,523 Oak Ave,2357,Occupied,1,1.5,1584,"Balcony, Laundry, Storage, Pet Friendly, Gym",32.317634,-96.676725,2024-07-07
288,Dallas Park 288,Villa,Dallas,661 Main St,3661,Reserved,4,1.5,1680,"Pet Friendly, Gym, Laundry",30.060533,-98.276727,2024-01-27
289,Irving Square 289,Single Family Home,Irving,274 Main St,2025,Available,1,1.0,3181,"Balcony, Pet Friendly, Elevator, Security, Gym, Clubhouse",31.892682,-98.04053,2024-02-05
290,Plano Park 290,Townhouse,Plano,636 Elm St,3164,Occupied,3,2.5,1765,"Elevator, Gym, Clubhouse, Security",32.321191,-95.429472,2024-11-13
291,Plano Villas 291,Condo,Plano,393 Market Blvd,1316,Occupied,3,1.5,2459,"Balcony, Gym, Storage, Parking, Laundry, Clubhouse",32.553829,-95.532187,2025-07-01
292,Dallas Park 292,Condo,Dallas,355 Oak Ave,987,Occupied,3,2.0,2413,"Parking, Elevator, Security, Pool",31.141076,-96.53806,2026-01-02
293,Irving Villas 293,Condo,Irving,213 Market Blvd,1274,Occupied,2,2.0,2379,"Balcony, Elevator, Storage, Pet Friendly, Pool",32.687187,-97.861575,2025-09-24
294,Arlington Residency 294,Townhouse,Arlington,832 Market Blvd,2965,Occupied,4,3.0,1419,"Parking, Elevator, Storage, Pool",33.103164,-97.512599,2026-01-14
295,Dallas Residency 295,Villa,Dallas,157 Lake Rd,1010,Available,1,1.5,2671,"Balcony, Clubhouse, Security, Pet Friendly, Elevator, Parking",30.85587,-95.547588,2026-03-05
296,Irving Park 296,Apartment,Irving,353 Main St,1693,Maintenance,3,2.5,1437,"Laundry, Parking, Pool, Storage, Security",30.571368,-95.800711,2024-07-22
297,Arlington Gardens 297,Apartment,Arlington,405 Oak Ave,2886,Occupied,3,1.5,2243,"Security, Gym, Parking, Storage, Balcony",31.523242,-97.613405,2025-01-04
298,Dallas Lakeview 298,Villa,Dallas,902 Market Blvd,3542,Occupied,1,1.5,2428,"Balcony, Pool, Laundry, Clubhouse",30.550813,-95.109078,2025-12-05
299,Austin Residency 299,Townhouse,Austin,599 Oak Ave,1595,Available,1,1.5,2697,"Parking, Storage, Security, Clubhouse, Pool",32.154648,-95.729868,2024-11-20
300,Plano Gardens 300,Condo,Plano,601 Oak Ave,1037,Occupied,4,1.5,2197,"Balcony, Parking, Clubhouse, Security",31.23125,-97.468499,2025-08-03
301,Austin Villas 301,Single Family Home,Austin,564 Main St,3949,Available,2,2.0,2568,"Pool, Elevator, Gym, Pet Friendly",30.734854,-97.578278,2026-03-05
302,Irving Lakeview 302,Villa,Irving,257 Elm St,2441,Available,1,3.0,3190,"Elevator, Laundry, Pet Friendly",31.534244,-96.758578,2024-10-16
303,Plano Park 303,Condo,Plano,296 Main St,1402,Occupied,4,2.0,1044,"Parking, Gym, Elevator",32.757225,-97.792723,2024-02-02
304,Irving Heights 304,Condo,Irving,579 Main St,3822,Available,3,3.0,3067,"Pet Friendly, Pool, Parking, Elevator, Security",31.419919,-95.385814,2025-01-04
305,Irving Gardens 305,Townhouse,Irving,336 Elm St,3476,Occupied,4,1.0,1738,"Balcony, Pool, Pet Friendly",33.062054,-98.160083,2025-01-29
306,Houston Residency 306,Villa,Houston,663 Market Blvd,3284,Occupied,3,1.5,1382,"Pool, Security, Clubhouse, Elevator, Laundry, Pet Friendly",32.789884,-97.916167,2025-05-31
307,Plano Lakeview 307,Villa,Plano,319 Market Blvd,2764,Maintenance,3,3.0,2093,"Security, Laundry, Elevator, Clubhouse, Storage",30.832078,-97.657471,2026-02-23
308,San Antonio Square 308,Townhouse,San Antonio,422 Main St,2576,Occupied,3,2.5,650,"Storage, Parking, Gym, Clubhouse, Elevator",30.751169,-97.723397,2026-03-01
309,San Antonio Lakeview 309,Single Family Home,San Antonio,355 Oak Ave,3287,Available,3,3.0,2991,"Clubhouse, Security, Gym",30.184429,-97.21521,2024-09-19
310,San Antonio Heights 310,Apartment,San Antonio,709 Lake Rd,3280,Occupied,3,2.5,1540,"Clubhouse, Gym, Storage, Laundry, Security",32.159968,-95.631697,2024-02-08
311,Irving Villas 311,Apartment,Irving,652 Elm St,2375,Occupied,1,2.0,2428,"Pet Friendly, Parking, Laundry",29.889448,-96.664658,2024-06-02
312,Plano Villas 312,Single Family Home,Plano,184 Market Blvd,1577,Occupied,4,1.5,856,"Clubhouse, Elevator, Pool, Storage, Pet Friendly, Gym",32.452289,-97.981957,2025-08-08
313,Dallas Lakeview 313,Single Family Home,Dallas,730 Elm St,1298,Occupied,3,2.0,2282,"Gym, Clubhouse, Pet Friendly, Elevator",31.083616,-96.500343,2024-09-09
314,Houston Villas 314,Apartment,Houston,273 Lake Rd,2274,Available,2,2.5,3009,"Laundry, Security, Elevator, Pool, Gym, Clubhouse",31.77857,-98.415276,2025-09-23
315,Arlington Residency 315,Single Family Home,Arlington,989 Lake Rd,1133,Available,2,2.5,1606,"Gym, Pool, Elevator, Security, Parking",30.550669,-96.326491,2024-01-15
316,Plano Residency 316,Apartment,Plano,811 Main St,2879,Occupied,2,2.5,743,"Pet Friendly, Elevator, Balcony, Clubhouse",31.390592,-95.945267,2025-01-20
317,Dallas Gardens 317,Townhouse,Dallas,468 Main St,2113,Occupied,2,1.0,1472,"Parking, Clubhouse, Storage, Elevator, Pet Friendly",32.011305,-96.179564,2024-01-20
318,San Antonio Gardens 318,Condo,San Antonio,122 Main St,3032,Maintenance,2,2.5,1057,"Storage, Elevator, Pool, Clubhouse, Laundry, Balcony",33.08377,-96.537594,2024-09-10
319,San Antonio Park 319,Townhouse,San Antonio,934 Main St,3999,Available,3,2.5,1293,"Security, Balcony, Pet Friendly, Elevator, Gym",32.541625,-96.309727,2025-07-22
320,San Antonio Lakeview 320,Villa,San Antonio,437 Market Blvd,2559,Available,2,2.0,1212,"Elevator, Pet Friendly, Laundry, Pool, Balcony, Clubhouse",31.192627,-97.40666,2025-07-09
321,Austin Residency 321,Villa,Austin,771 Elm St,3329,Occupied,4,1.5,2867,"Gym, Balcony, Storage, Pet Friendly",33.1849,-95.084781,2024-06-10
322,Plano Square 322,Apartment,Plano,752 Lake Rd,3896,Available,3,3.0,1134,"Parking, Security, Laundry, Pet Friendly",30.761718,-95.890366,2024-06-04
323,Houston Square 323,Apartment,Houston,588 Oak Ave,1057,Occupied,2,1.5,3156,"Storage, Pet Friendly, Elevator, Security",29.791296,-98.221836,2025-05-29
324,Arlington Park 324,Townhouse,Arlington,327 Oak Ave,2962,Available,2,2.5,2590,"Pet Friendly, Parking, Laundry, Clubhouse",33.090853,-95.260977,2026-02-14
325,Houston Villas 325,Apartment,Houston,503 Elm St,3477,Occupied,2,2.5,2656,"Pet Friendly, Laundry, Elevator, Clubhouse, Parking, Balcony",32.273661,-97.16869,2026-01-30
326,Dallas Square 326,Single Family Home,Dallas,745 Main St,2821,Maintenance,1,2.5,823,"Elevator, Storage, Laundry, Security",29.837381,-97.144108,2024-07-13
327,San Antonio Residency 327,Condo,San Antonio,897 Elm St,4118,Occupied,3,2.0,1821,"Balcony, Parking, Gym, Pet Friendly, Security, Laundry",30.016543,-96.747698,2025-12-13
328,Austin Square 328,Condo,Austin,267 Main St,2796,Available,3,2.0,752,"Clubhouse, Pool, Balcony, Gym",32.121011,-95.324931,2024-04-03
329,Fort Worth Lakeview 329,Condo,Fort Worth,992 Oak Ave,1299,Occupied,4,2.0,2795,"Laundry, Elevator, Storage, Parking",32.388911,-95.307115,2024-06-15
330,Austin Park 330,Villa,Austin,609 Market Blvd,2668,Occupied,4,1.0,1911,"Balcony, Gym, Pool, Clubhouse, Laundry, Parking",31.878961,-97.614112,2025-07-10
331,Dallas Lakeview 331,Single Family Home,Dallas,743 Elm St,1838,Occupied,3,1.5,3061,"Laundry, Clubhouse, Pool, Balcony, Storage, Parking",30.556496,-96.584304,2026-04-19
332,Houston Park 332,Apartment,Houston,282 Oak Ave,1175,Available,2,1.5,2079,"Storage, Balcony, Security",32.921346,-98.32839,2025-11-19
333,San Antonio Heights 333,Single Family Home,San Antonio,876 Market Blvd,3294,Available,4,3.0,2952,"Storage, Security, Parking, Clubhouse, Gym, Elevator",30.989993,-97.173712,2025-07-17
334,Fort Worth Lakeview 334,Townhouse,Fort Worth,189 Market Blvd,1449,Occupied,3,1.5,1774,"Elevator, Pet Friendly, Storage, Balcony, Parking, Security",31.699785,-95.072275,2026-01-11
335,San Antonio Villas 335,Condo,San Antonio,298 Main St,2013,Occupied,3,2.0,2802,"Gym, Clubhouse, Elevator, Pet Friendly, Pool",32.792823,-97.685474,2024-05-01
336,Dallas Villas 336,Condo,Dallas,360 Main St,3970,Occupied,4,1.0,1499,"Laundry, Parking, Security, Gym, Balcony, Pool",29.73954,-97.795845,2024-11-11
337,San Antonio Gardens 337,Single Family Home,San Antonio,590 Market Blvd,4091,Available,3,2.0,675,"Security, Laundry, Parking, Elevator, Pool",30.379055,-95.581611,2026-03-27
338,Dallas Villas 338,Villa,Dallas,668 Elm St,3519,Maintenance,3,1.5,2536,"Clubhouse, Laundry, Parking, Elevator, Balcony",30.747703,-95.962625,2024-01-20
339,Houston Park 339,Single Family Home,Houston,291 Elm St,2398,Reserved,4,2.0,921,"Parking, Security, Laundry, Elevator, Balcony",32.64842,-96.501564,2024-04-29
340,San Antonio Villas 340,Townhouse,San Antonio,903 Main St,2062,Available,4,1.0,2345,"Security, Clubhouse, Balcony, Pool",31.537851,-97.887455,2026-03-07
341,Houston Villas 341,Apartment,Houston,246 Main St,1052,Maintenance,3,3.0,2626,"Pet Friendly, Security, Clubhouse, Elevator",32.758577,-97.413745,2025-06-12
342,Austin Heights 342,Villa,Austin,441 Market Blvd,2831,Occupied,4,1.0,2237,"Parking, Balcony, Storage",32.104683,-96.419993,2024-02-17
343,Fort Worth Park 343,Single Family Home,Fort Worth,787 Main St,1042,Occupied,4,2.0,3015,"Security, Pet Friendly, Elevator, Gym",30.668273,-97.382976,2024-10-06
344,Austin Villas 344,Villa,Austin,687 Oak Ave,1012,Occupied,2,1.0,2942,"Elevator, Security, Storage, Gym",30.195449,-96.034762,2024-06-24
345,Fort Worth Park 345,Townhouse,Fort Worth,283 Elm St,3164,Available,3,2.0,2467,"Clubhouse, Parking, Pool",31.042599,-98.198581,2025-08-29
346,Arlington Park 346,Single Family Home,Arlington,199 Market Blvd,2311,Occupied,2,2.0,1461,"Clubhouse, Gym, Pool",32.544979,-95.281088,2024-11-13
347,Arlington Park 347,Condo,Arlington,215 Lake Rd,1538,Available,2,1.5,3176,"Laundry, Gym, Security, Storage, Elevator",31.286491,-98.394076,2025-05-05
348,Arlington Villas 348,Villa,Arlington,645 Market Blvd,3425,Available,2,2.0,3003,"Laundry, Pool, Security",31.646525,-98.251766,2025-02-14
349,Irving Lakeview 349,Villa,Irving,906 Lake Rd,3194,Reserved,3,1.5,1301,"Pool, Security, Pet Friendly, Laundry, Elevator, Balcony",31.20902,-95.069282,2025-07-11
350,Houston Residency 350,Villa,Houston,415 Market Blvd,3978,Occupied,4,1.0,3001,"Storage, Clubhouse, Security",31.642807,-95.622919,2024-03-12
351,Fort Worth Park 351,Single Family Home,Fort Worth,730 Elm St,2974,Available,3,2.0,901,"Storage, Parking, Gym, Security",30.222258,-96.640605,2025-04-02
352,Houston Square 352,Villa,Houston,230 Lake Rd,2177,Occupied,4,2.0,2985,"Laundry, Security, Pool, Balcony, Parking",31.840218,-96.713516,2024-03-04
353,Plano Villas 353,Single Family Home,Plano,828 Market Blvd,3830,Occupied,1,1.0,2943,"Pool, Balcony, Parking, Storage, Pet Friendly",32.157777,-97.120061,2025-02-19
354,Irving Square 354,Condo,Irving,786 Oak Ave,3663,Occupied,3,1.5,1360,"Elevator, Laundry, Security, Storage",31.160324,-97.490352,2024-05-17
355,Dallas Lakeview 355,Apartment,Dallas,535 Elm St,1539,Occupied,4,1.0,2643,"Pool, Gym, Laundry, Clubhouse",31.2961,-95.738751,2024-07-03
356,Arlington Villas 356,Single Family Home,Arlington,520 Elm St,2793,Occupied,3,3.0,2225,"Laundry, Parking, Clubhouse, Storage",32.258197,-96.007545,2025-08-13
357,Plano Residency 357,Apartment,Plano,583 Main St,2929,Available,1,3.0,2159,"Pool, Gym, Balcony, Pet Friendly, Clubhouse, Parking",31.531749,-96.364753,2025-12-01
358,San Antonio Lakeview 358,Single Family Home,San Antonio,867 Lake Rd,3141,Occupied,1,2.0,694,"Storage, Security, Laundry, Gym, Clubhouse, Elevator",30.286279,-96.067321,2026-01-14
359,San Antonio Square 359,Apartment,San Antonio,384 Lake Rd,3318,Occupied,4,2.5,1342,"Storage, Parking, Balcony, Pet Friendly, Elevator",30.143875,-98.230982,2024-05-15
360,San Antonio Residency 360,Townhouse,San Antonio,918 Elm St,3986,Occupied,2,1.0,1106,"Clubhouse, Security, Gym, Storage",32.438847,-97.673314,2024-02-03
361,Plano Villas 361,Apartment,Plano,155 Lake Rd,1581,Occupied,2,3.0,2681,"Laundry, Pet Friendly, Clubhouse, Security, Storage, Pool",30.437999,-95.929736,2026-02-12
362,Fort Worth Heights 362,Apartment,Fort Worth,395 Market Blvd,2583,Occupied,2,2.5,2600,"Laundry, Storage, Clubhouse, Gym",30.208024,-95.454028,2025-01-26
363,Plano Park 363,Single Family Home,Plano,891 Oak Ave,1348,Occupied,4,1.0,2826,"Storage, Balcony, Security, Gym, Laundry, Parking",30.593704,-96.455381,2026-01-21
364,Houston Park 364,Single Family Home,Houston,459 Oak Ave,2233,Available,2,1.5,2893,"Pool, Parking, Laundry",30.041946,-98.136325,2026-01-12
365,San Antonio Gardens 365,Townhouse,San Antonio,882 Elm St,1047,Available,2,1.0,3187,"Storage, Pool, Elevator, Parking",32.697543,-98.045325,2026-04-02
366,Austin Square 366,Apartment,Austin,431 Lake Rd,1987,Occupied,4,1.5,1856,"Clubhouse, Balcony, Laundry",32.122775,-96.163473,2024-06-14
367,Fort Worth Park 367,Townhouse,Fort Worth,282 Market Blvd,2541,Reserved,1,2.5,2012,"Balcony, Gym, Clubhouse, Parking, Pet Friendly",33.127977,-97.797658,2024-04-21
368,Austin Heights 368,Single Family Home,Austin,609 Oak Ave,3464,Maintenance,3,1.5,1085,"Pool, Parking, Storage, Elevator, Balcony",32.246408,-95.77967,2025-10-30
369,Dallas Square 369,Apartment,Dallas,171 Elm St,2041,Occupied,4,2.5,1270,"Storage, Parking, Clubhouse, Pet Friendly, Laundry, Security",32.654172,-95.76672,2024-08-19
370,Dallas Villas 370,Condo,Dallas,647 Lake Rd,1446,Occupied,4,2.5,2973,"Security, Balcony, Laundry, Parking, Storage",33.189555,-96.23524,2024-03-23
371,Arlington Park 371,Townhouse,Arlington,852 Oak Ave,1673,Available,4,1.5,2921,"Pet Friendly, Balcony, Laundry, Parking, Security, Gym",31.402762,-95.40175,2024-05-23
372,Dallas Gardens 372,Villa,Dallas,143 Market Blvd,1926,Occupied,1,3.0,2653,"Clubhouse, Elevator, Storage, Parking, Laundry",30.887498,-97.317985,2024-05-01
373,Houston Lakeview 373,Single Family Home,Houston,146 Oak Ave,1560,Available,3,3.0,3023,"Parking, Gym, Clubhouse",31.98841,-96.850731,2025-12-19
374,Austin Residency 374,Apartment,Austin,164 Oak Ave,2208,Occupied,2,1.0,1048,"Storage, Pool, Elevator, Parking",31.440002,-95.702887,2025-03-12
375,Plano Park 375,Condo,Plano,272 Lake Rd,3752,Occupied,2,1.0,3009,"Pet Friendly, Parking, Gym, Clubhouse, Elevator",30.122609,-98.005671,2025-07-20
376,Austin Gardens 376,Condo,Austin,707 Lake Rd,1116,Available,2,3.0,1196,"Gym, Parking, Clubhouse, Elevator, Laundry, Security",30.327945,-98.188006,2025-03-02
377,Arlington Square 377,Villa,Arlington,901 Lake Rd,3570,Occupied,2,1.5,1759,"Pet Friendly, Gym, Parking, Balcony, Pool, Storage",31.842174,-98.191926,2024-12-22
378,Irving Residency 378,Apartment,Irving,383 Main St,1736,Reserved,3,1.5,1131,"Storage, Security, Pet Friendly",31.324756,-96.307375,2024-07-17
379,Fort Worth Lakeview 379,Villa,Fort Worth,924 Market Blvd,2987,Available,4,2.5,1372,"Parking, Security, Balcony",30.433564,-97.620164,2024-02-14
380,Fort Worth Residency 380,Apartment,Fort Worth,865 Lake Rd,1597,Occupied,3,1.5,769,"Pool, Pet Friendly, Clubhouse",31.774473,-97.359097,2024-08-23
381,Fort Worth Lakeview 381,Townhouse,Fort Worth,565 Oak Ave,1921,Maintenance,2,1.0,2339,"Pet Friendly, Pool, Clubhouse, Balcony, Storage, Parking",32.816711,-97.992706,2025-01-31
382,Plano Heights 382,Villa,Plano,972 Market Blvd,3538,Reserved,3,1.5,2118,"Security, Gym, Parking, Storage",31.69033,-97.517885,2025-04-14
383,Irving Square 383,Villa,Irving,321 Elm St,2158,Available,2,1.5,3122,"Storage, Elevator, Pet Friendly, Parking",31.140936,-96.673809,2025-04-29
384,Arlington Park 384,Townhouse,Arlington,851 Elm St,3965,Available,1,2.5,1660,"Storage, Pet Friendly, Gym, Balcony, Parking, Elevator",33.130644,-98.359795,2024-02-04
385,Irving Residency 385,Single Family Home,Irving,467 Lake Rd,3803,Occupied,3,2.5,1051,"Pool, Elevator, Parking, Security",32.261252,-95.175231,2024-09-01
386,Fort Worth Square 386,Apartment,Fort Worth,992 Lake Rd,1612,Maintenance,3,2.0,2531,"Clubhouse, Storage, Gym",32.759697,-97.081239,2025-10-03
387,Arlington Gardens 387,Apartment,Arlington,156 Elm St,2526,Occupied,4,1.0,2013,"Laundry, Balcony, Pet Friendly, Storage, Security",29.983357,-95.417035,2025-11-21
388,Plano Villas 388,Apartment,Plano,344 Elm St,2447,Occupied,1,2.5,2556,"Security, Gym, Pool, Balcony, Storage",32.407514,-98.01558,2024-04-26
389,Arlington Lakeview 389,Single Family Home,Arlington,639 Main St,4034,Occupied,4,1.5,1573,"Elevator, Laundry, Balcony, Parking, Storage",31.004848,-96.916563,2025-04-26
390,San Antonio Gardens 390,Condo,San Antonio,251 Market Blvd,3707,Available,3,2.0,918,"Pool, Storage, Laundry, Elevator, Gym, Parking",30.082777,-97.5342,2024-06-03
391,Houston Residency 391,Single Family Home,Houston,164 Main St,2150,Reserved,4,1.0,2356,"Clubhouse, Security, Laundry, Pet Friendly",32.281982,-98.424812,2026-04-01
392,Houston Villas 392,Single Family Home,Houston,275 Lake Rd,2636,Occupied,4,2.0,3020,"Clubhouse, Elevator, Storage, Pet Friendly, Gym",31.685381,-95.356013,2024-08-20
393,Arlington Gardens 393,Townhouse,Arlington,782 Oak Ave,1557,Available,2,1.0,2096,"Storage, Gym, Balcony, Pool",33.106221,-95.562339,2024-06-14
394,Houston Park 394,Apartment,Houston,652 Oak Ave,3303,Occupied,1,2.0,1168,"Gym, Pet Friendly, Parking, Security, Storage",33.123079,-97.982195,2025-06-30
395,San Antonio Square 395,Apartment,San Antonio,687 Oak Ave,2995,Reserved,1,2.5,1245,"Gym, Parking, Security, Clubhouse, Laundry",30.734449,-95.364079,2026-03-29
396,Arlington Park 396,Townhouse,Arlington,465 Main St,3946,Maintenance,4,1.0,2611,"Elevator, Pool, Balcony, Parking",31.105705,-95.556931,2024-11-30
397,Dallas Lakeview 397,Single Family Home,Dallas,503 Oak Ave,3339,Available,4,1.5,2806,"Pet Friendly, Parking, Pool, Balcony, Storage",32.069722,-95.148317,2025-05-17
398,Plano Square 398,Single Family Home,Plano,674 Main St,1179,Occupied,3,3.0,2128,"Security, Laundry, Storage, Parking, Gym, Clubhouse",30.929743,-95.078667,2024-08-08
399,Arlington Villas 399,Condo,Arlington,167 Elm St,1620,Occupied,3,2.0,2386,"Gym, Pool, Storage, Elevator, Clubhouse, Pet Friendly",33.159338,-96.661446,2026-02-13
400,Irving Square 400,Apartment,Irving,409 Elm St,3566,Occupied,1,2.5,1769,"Storage, Gym, Pet Friendly, Pool, Clubhouse, Elevator",31.638534,-98.352185,2024-11-07
401,Arlington Park 401,Single Family Home,Arlington,283 Market Blvd,1869,Occupied,4,2.5,759,"Balcony, Storage, Clubhouse, Parking",31.988345,-95.375597,2025-12-05
402,Houston Gardens 402,Apartment,Houston,937 Main St,2969,Occupied,1,2.0,923,"Storage, Clubhouse, Laundry, Elevator, Gym",31.897986,-96.833858,2025-01-17
403,Dallas Villas 403,Townhouse,Dallas,149 Lake Rd,1189,Occupied,2,3.0,1248,"Security, Gym, Parking, Elevator",30.964072,-96.273135,2024-10-25
404,Fort Worth Villas 404,Single Family Home,Fort Worth,801 Lake Rd,4082,Occupied,2,1.5,1037,"Elevator, Security, Storage, Laundry",32.657482,-95.70043,2024-04-08
405,Plano Square 405,Villa,Plano,672 Elm St,3072,Occupied,1,1.5,1802,"Laundry, Security, Gym, Parking, Pool, Elevator",31.46184,-95.589493,2025-12-07
406,Fort Worth Residency 406,Condo,Fort Worth,826 Lake Rd,1427,Maintenance,3,1.0,1187,"Security, Balcony, Storage, Pool, Pet Friendly, Elevator",31.530924,-95.10461,2024-01-30
407,Fort Worth Heights 407,Villa,Fort Worth,893 Market Blvd,3768,Occupied,2,1.5,1578,"Gym, Pool, Laundry, Security",32.370583,-98.108972,2026-02-14
408,Irving Lakeview 408,Apartment,Irving,310 Elm St,1084,Occupied,2,1.0,2753,"Pool, Balcony, Parking, Clubhouse, Gym, Laundry",32.340926,-95.761702,2024-07-23
409,Austin Square 409,Townhouse,Austin,114 Elm St,1546,Reserved,1,1.0,1786,"Security, Gym, Pet Friendly, Balcony, Laundry",29.93918,-95.631447,2024-08-10
410,Houston Park 410,Townhouse,Houston,319 Elm St,967,Maintenance,2,3.0,1054,"Security, Gym, Clubhouse, Storage, Parking, Pool",32.621598,-95.065446,2024-08-21
411,Irving Lakeview 411,Apartment,Irving,853 Lake Rd,2858,Occupied,2,1.0,1101,"Security, Balcony, Parking, Clubhouse, Gym, Pet Friendly",30.105029,-97.50736,2025-12-04
412,Arlington Gardens 412,Villa,Arlington,207 Market Blvd,2140,Available,3,2.5,2402,"Clubhouse, Security, Gym",29.74475,-96.140444,2025-03-24
413,Fort Worth Park 413,Apartment,Fort Worth,225 Oak Ave,2590,Reserved,2,2.5,3068,"Pool, Security, Pet Friendly, Gym",30.400922,-95.545897,2025-03-10
414,Arlington Heights 414,Townhouse,Arlington,356 Market Blvd,3381,Occupied,4,3.0,1768,"Security, Clubhouse, Laundry, Pet Friendly, Balcony, Gym",30.215809,-96.908778,2025-05-24
415,Houston Heights 415,Villa,Houston,878 Main St,3972,Occupied,1,1.0,866,"Parking, Gym, Laundry, Balcony, Security, Elevator",30.234578,-96.323116,2025-11-07
416,Arlington Heights 416,Condo,Arlington,492 Market Blvd,3661,Occupied,2,2.0,2689,"Elevator, Security, Parking, Laundry, Clubhouse",33.16749,-95.41956,2024-11-18
417,Irving Heights 417,Condo,Irving,682 Market Blvd,1084,Occupied,3,1.0,1374,"Gym, Clubhouse, Laundry, Pool, Storage",32.205031,-96.793908,2025-11-06
418,Arlington Residency 418,Condo,Arlington,957 Lake Rd,3025,Occupied,3,1.5,878,"Storage, Laundry, Security, Elevator, Gym, Clubhouse",29.914984,-96.433378,2024-12-23
419,Dallas Heights 419,Townhouse,Dallas,989 Lake Rd,2703,Reserved,3,1.0,2063,"Security, Parking, Pet Friendly, Pool, Laundry, Gym",31.773861,-95.313638,2024-04-27
420,Plano Park 420,Villa,Plano,684 Market Blvd,2285,Occupied,1,3.0,803,"Storage, Elevator, Laundry, Gym, Parking, Pet Friendly",31.757962,-95.049823,2024-11-26
421,Fort Worth Square 421,Condo,Fort Worth,177 Elm St,2326,Occupied,1,1.5,2684,"Gym, Balcony, Security, Pet Friendly, Pool",31.439331,-95.534331,2024-08-07
422,San Antonio Lakeview 422,Townhouse,San Antonio,586 Market Blvd,3299,Occupied,1,2.0,2296,"Storage, Pool, Security",30.656777,-96.517501,2024-08-02
423,Plano Lakeview 423,Apartment,Plano,284 Main St,3017,Occupied,4,2.0,1878,"Pet Friendly, Laundry, Elevator, Gym, Balcony",31.503792,-96.149539,2025-10-04
424,Austin Square 424,Single Family Home,Austin,407 Market Blvd,3656,Available,3,1.5,2564,"Storage, Parking, Pet Friendly, Gym, Clubhouse, Pool",30.541309,-95.887483,2025-02-24
425,Plano Residency 425,Apartment,Plano,916 Lake Rd,2639,Occupied,4,1.5,1743,"Balcony, Pet Friendly, Laundry, Pool",30.097455,-97.828294,2025-04-20
426,Arlington Square 426,Single Family Home,Arlington,143 Market Blvd,3599,Available,3,2.5,801,"Gym, Parking, Balcony, Laundry, Storage",32.005347,-97.884052,2026-03-12
427,Dallas Lakeview 427,Apartment,Dallas,223 Elm St,3414,Maintenance,1,2.0,1870,"Security, Pool, Laundry, Clubhouse, Storage, Elevator",30.526144,-96.501593,2025-11-11
428,San Antonio Villas 428,Condo,San Antonio,550 Market Blvd,3406,Occupied,1,1.5,1150,"Security, Laundry, Pet Friendly, Clubhouse, Pool",30.204973,-97.88696,2024-09-17
429,Dallas Villas 429,Condo,Dallas,121 Elm St,3815,Occupied,3,2.0,1112,"Clubhouse, Pet Friendly, Balcony, Laundry, Pool, Gym",31.363276,-97.212912,2024-02-05
430,Dallas Park 430,Villa,Dallas,361 Lake Rd,2525,Occupied,2,3.0,1916,"Pool, Elevator, Pet Friendly, Laundry, Clubhouse",31.059649,-95.315738,2024-04-02
431,Houston Villas 431,Townhouse,Houston,834 Market Blvd,2747,Maintenance,2,1.5,1949,"Parking, Balcony, Pool, Laundry, Pet Friendly, Security",32.279297,-95.25726,2026-04-19
432,Fort Worth Gardens 432,Villa,Fort Worth,239 Main St,3023,Occupied,4,2.0,921,"Clubhouse, Parking, Elevator, Security, Laundry",30.343089,-96.948083,2025-02-14
433,Houston Villas 433,Townhouse,Houston,277 Elm St,1286,Available,2,3.0,1103,"Storage, Laundry, Security, Pet Friendly",31.374279,-95.926898,2024-12-01
434,San Antonio Park 434,Villa,San Antonio,303 Lake Rd,2455,Occupied,1,2.5,1395,"Storage, Pet Friendly, Parking, Clubhouse, Balcony, Security",31.893196,-95.326043,2025-12-19
435,Austin Square 435,Apartment,Austin,564 Market Blvd,2706,Available,3,3.0,3109,"Security, Gym, Pool",29.749402,-96.659568,2024-05-01
436,Houston Residency 436,Villa,Houston,129 Lake Rd,2129,Occupied,2,2.0,2674,"Pet Friendly, Storage, Balcony, Security, Laundry, Pool",31.164158,-97.070166,2024-09-25
437,Houston Gardens 437,Single Family Home,Houston,533 Elm St,2464,Occupied,3,1.5,3037,"Pool, Parking, Clubhouse, Storage, Gym, Pet Friendly",32.103984,-96.003324,2024-09-19
438,Fort Worth Gardens 438,Apartment,Fort Worth,479 Oak Ave,1163,Reserved,3,1.0,2013,"Security, Parking, Elevator, Gym, Balcony, Storage",31.033282,-95.078666,2025-07-26
439,Dallas Heights 439,Single Family Home,Dallas,420 Main St,1645,Occupied,2,2.0,2713,"Clubhouse, Gym, Pool, Elevator, Security",31.556483,-98.003715,2024-05-10
440,Arlington Square 440,Townhouse,Arlington,254 Elm St,2711,Maintenance,4,2.0,1808,"Storage, Balcony, Security, Pet Friendly, Pool",30.8044,-95.019022,2025-11-04
441,Arlington Gardens 441,Apartment,Arlington,674 Market Blvd,1173,Available,2,1.5,1591,"Balcony, Gym, Clubhouse, Pet Friendly, Parking, Laundry",29.842771,-97.25218,2025-04-13
442,Arlington Heights 442,Apartment,Arlington,638 Elm St,1456,Available,4,1.5,2081,"Gym, Storage, Balcony, Clubhouse, Security",31.749871,-96.457584,2024-07-03
443,Irving Heights 443,Apartment,Irving,957 Lake Rd,3722,Maintenance,2,2.5,1036,"Balcony, Pool, Laundry",31.007454,-95.24798,2024-06-06
444,Dallas Gardens 444,Apartment,Dallas,916 Elm St,2809,Occupied,3,2.5,1753,"Security, Parking, Clubhouse",30.837204,-95.939592,2024-05-12
445,Houston Residency 445,Apartment,Houston,497 Market Blvd,2273,Occupied,4,2.0,877,"Pool, Laundry, Balcony, Storage, Elevator, Pet Friendly",30.012159,-95.51679,2024-10-18
446,Austin Park 446,Apartment,Austin,587 Lake Rd,2720,Maintenance,2,2.5,1920,"Security, Pool, Storage, Balcony",30.399549,-96.940952,2025-07-30
447,Irving Park 447,Apartment,Irving,639 Elm St,3464,Occupied,3,2.0,1413,"Pool, Parking, Security, Pet Friendly, Clubhouse, Storage",31.966637,-96.002276,2024-03-26
448,San Antonio Heights 448,Condo,San Antonio,625 Main St,2906,Available,3,1.0,1880,"Balcony, Pet Friendly, Laundry, Gym",31.689875,-96.57152,2025-06-06
449,Irving Residency 449,Condo,Irving,963 Market Blvd,3656,Occupied,1,2.5,2978,"Balcony, Pool, Parking, Clubhouse, Security",32.015524,-97.871567,2024-02-16
450,Fort Worth Lakeview 450,Condo,Fort Worth,365 Main St,2235,Occupied,4,2.0,3055,"Storage, Balcony, Security, Laundry, Pool, Clubhouse",30.347806,-95.885397,2025-03-20
451,Dallas Gardens 451,Apartment,Dallas,504 Lake Rd,1004,Occupied,3,1.0,1353,"Laundry, Clubhouse, Balcony, Elevator, Storage, Gym",32.117318,-95.129004,2024-03-30
452,Austin Square 452,Villa,Austin,741 Elm St,1408,Occupied,1,1.5,715,"Parking, Pet Friendly, Clubhouse, Security",30.20804,-97.653769,2024-07-14
453,Fort Worth Residency 453,Townhouse,Fort Worth,306 Lake Rd,2891,Available,3,1.5,2378,"Gym, Clubhouse, Elevator, Pet Friendly",29.768697,-96.926693,2025-08-06
454,Irving Lakeview 454,Apartment,Irving,794 Market Blvd,1370,Reserved,2,1.0,2418,"Storage, Elevator, Balcony, Parking, Pet Friendly, Security",31.401353,-96.431363,2024-08-25
455,Dallas Gardens 455,Single Family Home,Dallas,546 Main St,3310,Occupied,1,2.5,1943,"Laundry, Clubhouse, Pool, Pet Friendly, Balcony",32.986376,-97.286326,2024-06-14
456,San Antonio Square 456,Villa,San Antonio,789 Lake Rd,2744,Occupied,3,2.0,1600,"Storage, Clubhouse, Gym, Elevator, Security",32.189848,-95.140688,2026-03-26
457,Arlington Park 457,Villa,Arlington,410 Oak Ave,2106,Occupied,3,1.5,1003,"Gym, Pet Friendly, Storage, Balcony",31.42265,-95.722811,2024-08-02
458,Dallas Lakeview 458,Apartment,Dallas,329 Market Blvd,2412,Available,2,2.0,1299,"Pool, Security, Laundry",30.098893,-97.706584,2024-09-21
459,Plano Heights 459,Townhouse,Plano,900 Elm St,2045,Maintenance,1,3.0,1269,"Parking, Clubhouse, Elevator",33.069265,-95.854825,2025-09-16
460,Fort Worth Gardens 460,Single Family Home,Fort Worth,991 Main St,1381,Occupied,1,3.0,1334,"Security, Gym, Balcony, Storage",31.245313,-96.729362,2024-06-06
461,Plano Villas 461,Townhouse,Plano,481 Market Blvd,1776,Reserved,2,1.0,2448,"Pet Friendly, Clubhouse, Security",30.703654,-97.900584,2025-01-04
462,Houston Square 462,Villa,Houston,110 Elm St,4174,Available,3,2.5,1584,"Laundry, Storage, Clubhouse, Elevator, Balcony, Gym",33.003091,-96.950975,2024-03-12
463,Fort Worth Gardens 463,Townhouse,Fort Worth,817 Elm St,4113,Occupied,2,2.5,1323,"Parking, Gym, Storage, Security, Laundry, Balcony",33.104314,-97.032431,2024-11-07
464,Plano Heights 464,Townhouse,Plano,137 Elm St,3111,Maintenance,1,2.0,3150,"Clubhouse, Pet Friendly, Storage, Security, Gym, Elevator",32.413901,-95.416589,2024-12-08
465,Irving Villas 465,Villa,Irving,347 Lake Rd,2112,Available,3,3.0,1525,"Elevator, Security, Gym, Parking, Laundry",32.816118,-96.610236,2026-01-13
466,Irving Villas 466,Single Family Home,Irving,341 Elm St,2477,Occupied,1,1.0,1713,"Pool, Parking, Storage, Pet Friendly, Gym",31.703523,-98.481753,2025-08-02
467,Houston Park 467,Townhouse,Houston,200 Oak Ave,3681,Occupied,2,2.0,2996,"Elevator, Pet Friendly, Pool, Gym, Balcony, Security",30.373943,-95.775077,2025-12-29
468,Irving Square 468,Condo,Irving,504 Lake Rd,1204,Maintenance,1,1.0,2390,"Pet Friendly, Clubhouse, Pool, Gym, Security, Balcony",31.109638,-96.54361,2025-08-21
469,Arlington Lakeview 469,Condo,Arlington,983 Elm St,3947,Occupied,3,2.5,2357,"Elevator, Gym, Clubhouse, Security",31.301995,-95.111889,2024-04-30
470,Houston Residency 470,Condo,Houston,220 Lake Rd,4007,Reserved,3,1.0,1292,"Pool, Laundry, Storage, Parking, Gym",31.701177,-98.359013,2024-11-08
471,Plano Heights 471,Townhouse,Plano,991 Main St,1064,Available,2,2.5,1235,"Parking, Balcony, Elevator, Pool, Laundry, Pet Friendly",29.7073,-96.583619,2025-03-03
472,Arlington Residency 472,Single Family Home,Arlington,987 Lake Rd,2802,Occupied,2,3.0,2033,"Storage, Gym, Elevator, Balcony, Security, Pet Friendly",32.365876,-96.164727,2024-04-01
473,Irving Villas 473,Condo,Irving,674 Main St,2338,Available,2,2.5,2865,"Balcony, Pool, Gym, Security, Parking, Storage",31.905382,-95.799417,2025-10-21
474,Fort Worth Heights 474,Villa,Fort Worth,381 Oak Ave,3312,Reserved,3,3.0,866,"Clubhouse, Elevator, Parking, Storage",32.00389,-96.638492,2024-09-08
475,Arlington Villas 475,Apartment,Arlington,193 Main St,2262,Occupied,3,3.0,2295,"Parking, Security, Laundry, Pool, Pet Friendly, Storage",32.708769,-97.389161,2024-04-11
476,Austin Residency 476,Townhouse,Austin,522 Lake Rd,1996,Available,2,1.5,1017,"Gym, Parking, Security, Pool, Elevator, Clubhouse",30.743085,-98.154395,2024-09-21
477,Irving Heights 477,Apartment,Irving,595 Main St,1931,Occupied,1,1.5,3095,"Elevator, Storage, Laundry, Parking, Gym, Clubhouse",30.814178,-96.564076,2025-02-21
478,Houston Square 478,Apartment,Houston,245 Lake Rd,3350,Available,2,3.0,1065,"Balcony, Laundry, Clubhouse, Parking",32.661972,-96.748487,2025-07-07
479,Austin Gardens 479,Villa,Austin,489 Lake Rd,3223,Available,3,2.5,2500,"Storage, Balcony, Gym, Parking, Laundry, Pet Friendly",30.65656,-97.621889,2025-10-09
480,Houston Gardens 480,Single Family Home,Houston,669 Lake Rd,1136,Occupied,3,2.0,1311,"Balcony, Pool, Laundry",32.144503,-95.593257,2025-03-18
481,Houston Gardens 481,Single Family Home,Houston,236 Main St,3743,Occupied,3,2.0,2053,"Balcony, Pet Friendly, Security, Gym, Pool, Elevator",33.056474,-97.3504,2025-09-15
482,Arlington Square 482,Apartment,Arlington,787 Market Blvd,2642,Maintenance,1,1.5,2926,"Laundry, Elevator, Pool, Storage, Security, Parking",31.585273,-95.375997,2025-11-19
483,Fort Worth Residency 483,Townhouse,Fort Worth,860 Main St,2416,Available,3,3.0,2234,"Pool, Clubhouse, Security",32.976867,-96.943978,2026-02-15
484,San Antonio Gardens 484,Townhouse,San Antonio,720 Oak Ave,3462,Occupied,2,1.0,1891,"Pet Friendly, Clubhouse, Security, Parking",30.682647,-95.334223,2024-01-08
485,Houston Villas 485,Condo,Houston,683 Oak Ave,3281,Occupied,1,2.0,2699,"Storage, Gym, Pool, Balcony",30.148862,-98.272327,2025-06-19
486,San Antonio Heights 486,Villa,San Antonio,796 Elm St,3788,Occupied,4,1.0,2832,"Parking, Laundry, Storage, Elevator, Gym, Pet Friendly",32.655195,-97.075934,2025-04-22
487,Arlington Square 487,Townhouse,Arlington,125 Oak Ave,3904,Available,3,1.0,1569,"Elevator, Clubhouse, Security, Parking, Pet Friendly, Pool",30.87147,-95.419655,2025-12-07
488,Irving Gardens 488,Apartment,Irving,442 Lake Rd,1623,Occupied,2,1.5,1998,"Parking, Clubhouse, Laundry",32.528207,-96.426142,2024-09-10
489,Fort Worth Heights 489,Condo,Fort Worth,134 Market Blvd,1172,Occupied,2,2.0,2016,"Pool, Clubhouse, Storage, Security",31.262597,-98.063108,2024-11-16
490,Fort Worth Lakeview 490,Villa,Fort Worth,870 Market Blvd,1174,Occupied,1,2.5,1884,"Pool, Storage, Parking, Balcony, Clubhouse, Gym",32.674753,-97.094109,2024-08-26
491,Dallas Gardens 491,Condo,Dallas,169 Elm St,2703,Occupied,3,2.5,3190,"Parking, Clubhouse, Security, Balcony, Pool",30.078023,-98.45699,2026-03-19
492,Houston Lakeview 492,Single Family Home,Houston,767 Lake Rd,1999,Occupied,2,3.0,2105,"Gym, Pet Friendly, Storage, Laundry, Parking, Security",30.146883,-96.454172,2024-11-14
493,Austin Lakeview 493,Villa,Austin,979 Main St,3421,Available,3,2.0,2054,"Elevator, Gym, Parking",30.530856,-95.632857,2025-03-08
494,Plano Square 494,Villa,Plano,143 Market Blvd,4166,Occupied,2,1.5,930,"Clubhouse, Security, Elevator, Balcony, Gym, Pet Friendly",30.850167,-98.133032,2024-08-12
495,Dallas Heights 495,Villa,Dallas,668 Main St,2860,Available,4,1.5,1523,"Laundry, Pet Friendly, Storage, Pool, Parking",30.96986,-98.241941,2024-05-25
496,San Antonio Gardens 496,Condo,San Antonio,278 Lake Rd,4085,Available,2,3.0,2124,"Pet Friendly, Storage, Balcony",30.309513,-95.401162,2025-07-21
497,Houston Park 497,Villa,Houston,345 Lake Rd,1671,Maintenance,2,1.0,1722,"Gym, Laundry, Pool",30.884341,-97.764169,2026-04-08
498,Plano Gardens 498,Villa,Plano,350 Main St,2726,Available,3,3.0,917,"Pet Friendly, Storage, Laundry, Security",31.009894,-96.401578,2026-02-20
499,Houston Gardens 499,Single Family Home,Houston,729 Main St,2292,Available,2,1.5,1662,"Gym, Elevator, Clubhouse, Pool, Security",29.984927,-96.852664,2024-06-20
500,Irving Square 500,Single Family Home,Irving,697 Main St,3075,Available,2,2.5,2551,"Elevator, Clubhouse, Storage, Pet Friendly, Gym",31.734153,-96.26663,2024-07-31
