request_id,property_id,issue_type,status,priority,created_date,resolved_date,estimated_cost
1,251,General Repair,Resolved,Critical,2025-03-19,2025-03-31,301
2,489,HVAC,In Progress,Critical,2026-05-07,2026-05-15,1153
3,395,Security,Open,Medium,2026-01-27,2026-02-10,1128
4,448,Electrical,Closed,Medium,2025-10-15,2025-10-25,1105
5,336,Electrical,Closed,Low,2025-07-12,2025-07-20,271
6,244,Plumbing,Open,Medium,2025-08-01,2025-08-07,826
7,159,Plumbing,Resolved,Critical,2025-09-15,2025-09-26,1043
8,434,Appliance,In Progress,Critical,2025-11-10,2025-11-21,1148
9,378,Security,In Progress,Low,2025-08-02,,549
10,344,Security,In Progress,Low,2025-01-19,2025-01-27,540
11,417,Plumbing,In Progress,Critical,2025-06-08,,823
12,360,Electrical,Closed,High,2025-07-09,2025-07-11,181
13,440,Appliance,In Progress,Low,2025-01-16,,1116
14,426,Cleaning,Open,Low,2025-04-25,2025-05-02,403
15,286,Cleaning,Open,Low,2026-01-14,2026-01-26,884
16,242,Appliance,Closed,High,2025-04-21,2025-04-28,541
17,437,Electrical,Closed,Critical,2025-01-10,2025-01-11,468
18,71,Security,In Progress,Critical,2026-03-30,2026-04-02,92
19,296,Electrical,Closed,High,2025-03-11,2025-03-14,1166
20,407,Security,Open,Critical,2025-08-03,2025-08-16,824
21,249,General Repair,Resolved,Low,2025-08-07,2025-08-10,316
22,356,General Repair,Resolved,Critical,2025-01-11,2025-01-23,501
23,12,Appliance,In Progress,High,2025-04-08,2025-04-09,964
24,144,HVAC,Open,Medium,2025-06-30,2025-07-04,772
25,215,Electrical,Open,Critical,2026-04-24,2026-05-05,179
26,413,Plumbing,Resolved,Critical,2025-01-19,2025-01-24,336
27,240,Electrical,Open,High,2025-06-27,2025-06-28,102
28,337,HVAC,Open,Critical,2025-04-18,,1155
29,491,Electrical,In Progress,Low,2026-02-24,,1148
30,485,Cleaning,In Progress,Critical,2026-03-06,,538
31,321,Plumbing,Resolved,Medium,2025-09-30,2025-10-10,1116
32,393,Security,Open,Medium,2025-07-07,,135
33,36,Security,Closed,High,2026-02-08,,793
34,36,HVAC,Closed,Critical,2026-04-20,,376
35,125,Electrical,Closed,Critical,2025-10-16,2025-10-21,947
36,319,Security,Closed,High,2025-10-26,,65
37,112,HVAC,Open,High,2025-09-04,2025-09-17,146
38,360,HVAC,In Progress,Critical,2025-04-15,,881
39,179,Appliance,Closed,Low,2025-02-08,2025-02-16,790
40,449,HVAC,Closed,Medium,2026-05-29,,898
41,461,Electrical,In Progress,Low,2025-08-27,2025-09-08,738
42,355,Cleaning,In Progress,High,2026-05-12,2026-05-16,1069
43,36,Electrical,Closed,Medium,2025-06-28,,943
44,61,General Repair,Closed,Critical,2025-08-17,2025-08-18,861
45,62,General Repair,Open,Low,2026-05-03,2026-05-16,185
46,211,Security,In Progress,High,2026-01-29,2026-01-30,725
47,437,Cleaning,Closed,Medium,2025-12-15,2025-12-23,610
48,68,Security,Closed,High,2025-02-05,2025-02-13,292
49,391,Security,Open,Medium,2026-04-15,2026-04-21,868
50,416,Appliance,Closed,Critical,2025-11-09,,280
51,135,Cleaning,Resolved,Medium,2025-08-15,,220
52,237,Appliance,Open,Critical,2025-11-19,2025-11-20,171
53,444,HVAC,Open,Medium,2025-06-09,2025-06-23,857
54,24,General Repair,Resolved,Medium,2025-06-21,2025-06-26,191
55,436,Plumbing,In Progress,Medium,2025-04-28,2025-05-02,325
56,37,Plumbing,In Progress,Medium,2026-02-26,,437
57,235,Security,Closed,Medium,2025-01-02,,551
58,124,Appliance,In Progress,Medium,2025-06-02,2025-06-03,74
59,79,Electrical,Resolved,Medium,2025-07-28,2025-08-02,67
60,21,General Repair,In Progress,Medium,2026-02-03,2026-02-11,671
61,381,Plumbing,Open,Critical,2026-02-19,2026-03-05,1098
62,258,HVAC,Closed,Critical,2025-06-11,2025-06-22,397
63,304,General Repair,In Progress,Critical,2025-01-16,2025-01-28,94
64,424,HVAC,Open,Medium,2025-10-02,2025-10-13,397
65,397,Security,In Progress,Critical,2026-03-20,2026-04-03,1055
66,83,Electrical,In Progress,Critical,2025-12-06,2025-12-10,959
67,137,Plumbing,In Progress,Critical,2025-02-23,2025-03-08,123
68,468,Cleaning,Resolved,Medium,2025-12-19,2025-12-20,892
69,405,Appliance,In Progress,Low,2025-12-06,2025-12-11,1111
70,123,Cleaning,Open,Critical,2025-07-01,2025-07-07,673
71,173,Electrical,Resolved,High,2026-04-08,2026-04-12,327
72,120,Cleaning,Open,Critical,2026-03-23,2026-03-29,423
73,115,Security,Open,Critical,2025-02-02,2025-02-14,443
74,499,Appliance,Resolved,High,2025-09-26,2025-09-27,565
75,183,HVAC,In Progress,Low,2025-06-01,2025-06-08,1057
76,104,Security,Closed,Critical,2025-01-13,,559
77,62,Security,Closed,Medium,2026-05-02,2026-05-13,742
78,149,Plumbing,In Progress,Medium,2025-02-12,2025-02-15,939
79,395,Appliance,Closed,High,2026-04-12,2026-04-20,53
80,433,Cleaning,Open,Medium,2025-11-18,2025-11-29,92
81,395,Appliance,In Progress,Low,2025-08-27,2025-09-07,127
82,112,General Repair,Open,Low,2025-01-13,2025-01-14,153
83,291,General Repair,In Progress,Low,2025-06-27,,57
84,102,Appliance,Open,High,2026-05-08,2026-05-13,265
85,239,Cleaning,Resolved,High,2025-06-14,,210
86,447,Electrical,Resolved,Medium,2026-02-08,2026-02-19,800
87,189,Appliance,Closed,Low,2025-08-16,2025-08-26,232
88,163,Electrical,In Progress,Low,2025-11-06,2025-11-17,458
89,485,Security,In Progress,Critical,2025-05-22,2025-05-28,1135
90,469,HVAC,Resolved,High,2026-05-09,,879
91,110,HVAC,In Progress,High,2025-07-05,,852
92,208,HVAC,Closed,Medium,2025-03-01,2025-03-10,596
93,79,Plumbing,Open,Low,2025-07-08,2025-07-13,508
94,401,Plumbing,Open,Critical,2025-04-11,2025-04-21,954
95,373,Security,Closed,Critical,2025-01-27,2025-02-01,550
96,6,HVAC,Open,Medium,2025-06-14,,114
97,258,HVAC,Resolved,Medium,2025-01-14,2025-01-27,766
98,256,Plumbing,Resolved,Low,2025-10-18,,301
99,385,General Repair,Resolved,Medium,2025-08-29,2025-09-09,1102
100,58,Plumbing,Resolved,Critical,2026-01-06,,543
101,291,HVAC,In Progress,Critical,2025-01-10,2025-01-21,266
102,368,Security,Resolved,Critical,2025-12-20,2026-01-01,1039
103,199,Security,Open,Low,2025-11-06,2025-11-18,1187
104,96,Plumbing,In Progress,Critical,2026-02-02,2026-02-06,647
105,340,Appliance,Open,Critical,2025-05-02,,457
106,360,Appliance,In Progress,Medium,2025-11-24,2025-11-29,595
107,372,HVAC,Resolved,High,2025-01-29,,840
108,122,Plumbing,In Progress,Critical,2025-05-24,2025-06-07,850
109,398,Cleaning,Closed,Low,2025-05-23,,1193
110,476,HVAC,Closed,Critical,2025-11-03,,1050
111,497,Appliance,Closed,Medium,2026-05-20,2026-05-28,646
112,112,Electrical,Resolved,Medium,2025-08-26,2025-09-08,1188
113,263,HVAC,Closed,Medium,2025-03-01,2025-03-07,708
114,452,General Repair,In Progress,Low,2025-01-31,,502
115,310,General Repair,In Progress,Low,2025-12-10,,448
116,38,HVAC,In Progress,Low,2025-08-06,2025-08-15,733
117,339,HVAC,Open,Critical,2026-05-11,2026-05-24,180
118,311,Security,Closed,Medium,2025-07-09,2025-07-19,966
119,397,Plumbing,Resolved,High,2025-09-10,2025-09-17,802
120,155,HVAC,Closed,Critical,2025-07-10,2025-07-12,589
121,498,Security,Open,Low,2026-02-15,2026-02-24,284
122,418,Cleaning,Resolved,High,2025-01-19,,776
123,156,Plumbing,Resolved,Low,2026-02-18,,789
124,168,Plumbing,Open,Low,2025-04-24,,448
125,8,Security,Open,High,2026-02-15,2026-02-17,174
126,164,Appliance,Closed,Low,2026-04-20,2026-04-28,264
127,106,Plumbing,Resolved,Medium,2025-04-24,,983
128,40,Plumbing,In Progress,Critical,2025-02-15,,932
129,470,Cleaning,In Progress,Medium,2025-01-10,2025-01-22,1017
130,318,General Repair,Resolved,High,2025-03-08,,739
131,220,Cleaning,Resolved,High,2025-03-04,2025-03-16,270
132,170,General Repair,Resolved,Medium,2025-07-01,2025-07-07,170
133,312,Plumbing,Closed,Low,2025-02-01,2025-02-12,851
134,132,General Repair,In Progress,Low,2025-10-13,2025-10-17,80
135,14,Plumbing,Open,High,2025-09-12,2025-09-25,399
136,444,Appliance,In Progress,Medium,2025-02-14,2025-02-28,825
137,263,Plumbing,Open,High,2025-08-24,2025-08-28,1092
138,211,Cleaning,Resolved,High,2026-05-23,2026-06-03,357
139,58,Cleaning,Open,Critical,2025-03-10,2025-03-13,277
140,256,Electrical,Closed,Low,2025-11-12,2025-11-13,64
141,387,Security,Open,Medium,2025-08-05,2025-08-07,734
142,159,HVAC,Resolved,Medium,2025-05-20,2025-06-02,1192
143,53,Electrical,Open,Low,2025-04-23,2025-05-01,77
144,462,Electrical,Resolved,High,2025-03-29,,454
145,204,Security,In Progress,High,2025-01-08,2025-01-12,417
146,358,Appliance,Open,Critical,2025-06-22,2025-06-26,432
147,27,General Repair,Resolved,High,2025-11-28,2025-12-02,622
148,118,Security,Closed,Low,2026-01-21,2026-01-22,490
149,15,General Repair,Closed,High,2026-02-06,,862
150,352,Plumbing,Open,Low,2025-07-23,2025-08-03,1035
151,164,Cleaning,Closed,Critical,2025-12-06,,529
152,137,Appliance,In Progress,Medium,2025-07-06,2025-07-11,603
153,121,Security,Resolved,Critical,2025-01-22,2025-01-25,1043
154,69,HVAC,Open,Medium,2025-01-12,2025-01-18,633
155,408,HVAC,Open,Critical,2025-04-11,,232
156,41,Appliance,Resolved,Medium,2025-06-03,2025-06-17,892
157,329,Appliance,Closed,Medium,2025-04-03,,325
158,326,Security,Closed,Medium,2026-02-17,2026-03-03,444
159,240,Electrical,Closed,Critical,2026-05-04,,58
160,182,HVAC,Open,High,2026-01-06,2026-01-10,270
161,8,General Repair,Resolved,High,2025-08-10,2025-08-15,491
162,30,HVAC,In Progress,Low,2026-04-07,2026-04-15,880
163,258,Electrical,Closed,Low,2025-03-18,,188
164,329,Electrical,Closed,High,2025-07-03,2025-07-13,154
165,433,Electrical,Resolved,High,2026-03-06,2026-03-12,405
166,460,General Repair,In Progress,Low,2025-01-23,2025-01-29,1046
167,456,General Repair,In Progress,Critical,2025-04-15,2025-04-19,497
168,341,Appliance,Open,Low,2025-10-23,2025-10-30,165
169,420,General Repair,Resolved,Critical,2025-11-12,2025-11-25,315
170,62,Electrical,Resolved,High,2025-10-11,,1148
171,93,Plumbing,Open,High,2026-04-10,2026-04-23,857
172,299,Electrical,Closed,Medium,2025-07-03,2025-07-12,658
173,390,Security,Open,Critical,2026-05-02,2026-05-04,1012
174,444,General Repair,Resolved,Low,2026-03-14,2026-03-15,587
175,138,General Repair,Open,Critical,2025-08-16,2025-08-17,855
176,127,Appliance,Open,Critical,2026-01-05,,135
177,320,HVAC,Open,Critical,2026-04-01,,540
178,292,Electrical,Resolved,Low,2026-05-15,,64
179,462,Security,In Progress,Low,2025-07-24,2025-08-05,1101
180,432,Security,Resolved,Low,2025-09-04,,835
181,317,General Repair,Closed,Critical,2025-09-07,,846
182,119,Security,Open,Low,2025-03-10,2025-03-19,51
183,455,Electrical,In Progress,Low,2026-05-04,2026-05-17,777
184,64,Security,Open,Critical,2025-10-06,2025-10-11,1126
185,201,Cleaning,Open,Critical,2025-02-02,,1046
186,161,HVAC,Open,Critical,2025-10-25,2025-10-31,860
187,258,Appliance,Open,High,2026-03-14,,1066
188,479,General Repair,Open,Low,2025-02-24,,439
189,287,Appliance,Closed,Critical,2026-01-07,,235
190,128,Plumbing,Open,Critical,2025-07-11,2025-07-17,651
191,200,Appliance,Closed,Low,2026-01-21,,579
192,487,Appliance,Closed,Medium,2026-05-01,,333
193,201,Appliance,Open,Medium,2025-10-01,2025-10-13,815
194,489,Appliance,Resolved,High,2025-05-12,2025-05-23,110
195,179,HVAC,In Progress,Low,2025-10-25,2025-10-27,634
196,369,General Repair,Open,Critical,2025-09-04,,764
197,59,Plumbing,In Progress,Critical,2025-09-18,2025-10-02,584
198,24,Appliance,Open,Critical,2025-05-23,2025-06-06,1193
199,327,Electrical,In Progress,Critical,2025-08-12,2025-08-13,97
200,116,Appliance,Resolved,Critical,2025-12-11,2025-12-13,729
201,190,HVAC,In Progress,Low,2025-04-13,2025-04-26,449
202,209,Electrical,Open,Low,2025-05-26,,996
203,73,Plumbing,Closed,Critical,2026-02-12,2026-02-17,313
204,26,HVAC,Open,High,2025-11-13,2025-11-24,329
205,433,General Repair,Closed,Medium,2025-03-03,2025-03-13,651
206,293,General Repair,Open,Low,2025-10-12,,1117
207,296,Cleaning,Closed,Medium,2025-06-28,,517
208,387,Cleaning,Resolved,Low,2026-01-26,2026-02-02,803
209,210,Plumbing,In Progress,Medium,2025-02-09,2025-02-22,1055
210,13,HVAC,In Progress,High,2025-08-17,,484
211,139,Cleaning,Closed,Low,2025-05-01,2025-05-13,1118
212,252,Cleaning,In Progress,Critical,2026-02-07,,303
213,475,Electrical,Open,High,2026-01-02,2026-01-06,632
214,252,Cleaning,Resolved,Low,2026-04-01,2026-04-06,929
215,448,Security,In Progress,High,2025-07-20,2025-08-01,301
216,314,Plumbing,In Progress,Low,2025-02-07,,185
217,156,General Repair,Resolved,Medium,2025-07-25,,958
218,133,Plumbing,Open,High,2026-05-29,2026-06-06,389
219,30,Cleaning,Resolved,Medium,2025-12-22,2025-12-24,333
220,384,Security,Open,Critical,2026-03-06,2026-03-07,160
221,293,Cleaning,Open,Medium,2026-02-01,,1116
222,271,Cleaning,Closed,Medium,2025-01-10,,456
223,272,Appliance,Closed,Low,2025-05-12,2025-05-20,359
224,101,Electrical,Open,High,2025-12-13,,246
225,98,Appliance,In Progress,Critical,2026-03-20,2026-04-01,100
226,13,Electrical,Closed,Critical,2025-07-03,,600
227,114,Electrical,Resolved,High,2025-03-10,,809
228,33,Electrical,In Progress,Medium,2026-02-22,2026-03-04,955
229,348,Plumbing,Resolved,Critical,2025-04-28,2025-05-10,1167
230,415,Plumbing,Open,Low,2025-03-21,2025-03-23,888
231,224,Security,Open,Low,2025-01-10,2025-01-12,663
232,494,Plumbing,Resolved,Medium,2026-05-11,2026-05-16,116
233,55,HVAC,Resolved,Low,2025-04-03,,463
234,101,Appliance,Closed,Low,2025-12-15,2025-12-29,990
235,21,HVAC,In Progress,Low,2025-12-03,2025-12-06,1056
236,229,Appliance,Closed,Critical,2025-03-26,2025-03-30,171
237,57,Cleaning,Closed,Medium,2026-04-01,2026-04-11,569
238,376,Security,Closed,High,2025-05-30,2025-06-07,810
239,387,Appliance,Closed,Medium,2026-02-16,2026-02-28,169
240,363,Appliance,In Progress,Low,2026-02-17,2026-02-25,814
241,285,Plumbing,In Progress,Medium,2025-08-12,2025-08-13,490
242,228,Cleaning,Open,Low,2026-01-29,2026-02-07,691
243,168,Electrical,Resolved,Critical,2025-03-03,,214
244,4,Appliance,Closed,Medium,2026-03-06,,1008
245,127,Cleaning,In Progress,Medium,2026-03-18,2026-03-19,296
246,365,Appliance,Resolved,High,2025-02-01,,1001
247,182,Electrical,Open,Low,2025-04-17,2025-05-01,1072
248,115,General Repair,Open,Critical,2025-01-24,2025-01-29,1075
249,59,Plumbing,Resolved,Low,2025-03-26,2025-04-03,392
250,487,Security,Closed,Critical,2025-12-05,,403
251,222,General Repair,Resolved,High,2025-03-27,,842
252,58,Cleaning,In Progress,High,2025-06-16,2025-06-29,1165
253,337,HVAC,In Progress,High,2025-05-31,2025-06-03,342
254,269,General Repair,Resolved,Critical,2025-01-08,2025-01-11,482
255,198,Electrical,Open,Critical,2025-06-24,,561
256,381,General Repair,Open,Medium,2025-12-14,2025-12-28,753
257,483,General Repair,In Progress,High,2025-11-22,,1102
258,485,Security,Open,Low,2026-04-02,2026-04-16,473
259,180,General Repair,In Progress,Medium,2026-05-07,2026-05-13,674
260,48,Cleaning,In Progress,Medium,2025-09-03,2025-09-06,948
261,43,HVAC,In Progress,Low,2026-02-14,2026-02-24,734
262,474,Plumbing,Closed,High,2025-03-02,2025-03-13,206
263,413,Plumbing,In Progress,Low,2026-03-14,,179
264,87,General Repair,Open,Medium,2025-05-29,2025-06-11,680
265,403,General Repair,In Progress,Medium,2026-05-18,2026-05-31,687
266,264,Appliance,In Progress,Critical,2025-10-20,2025-10-29,81
267,360,Electrical,Resolved,Low,2025-05-12,2025-05-16,815
268,339,Security,Open,Medium,2026-04-24,2026-04-29,421
269,414,HVAC,Open,High,2025-04-19,,96
270,291,Electrical,Open,Low,2026-01-19,,876
271,409,HVAC,In Progress,Critical,2025-01-05,2025-01-06,660
272,425,Security,Closed,Critical,2025-10-25,2025-11-07,273
273,360,Appliance,Resolved,Medium,2025-10-20,2025-10-26,177
274,41,General Repair,Closed,Low,2025-08-25,,676
275,439,Cleaning,Resolved,High,2026-01-15,,792
276,87,HVAC,Resolved,Critical,2025-08-14,2025-08-27,696
277,187,HVAC,Resolved,Medium,2025-01-04,2025-01-06,56
278,266,Security,Open,High,2026-05-14,2026-05-27,397
279,89,HVAC,Closed,Critical,2025-07-19,2025-07-27,376
280,188,Appliance,In Progress,High,2025-10-29,2025-11-04,698
281,233,Cleaning,In Progress,High,2025-07-11,2025-07-17,737
282,339,Plumbing,In Progress,Medium,2025-01-09,2025-01-10,995
283,483,Appliance,Closed,Critical,2025-06-12,,373
284,278,Cleaning,Open,Medium,2026-02-11,,720
285,320,HVAC,Open,Critical,2025-01-26,2025-02-05,676
286,442,General Repair,Resolved,Low,2025-08-13,2025-08-16,528
287,368,Plumbing,In Progress,Low,2025-01-18,,192
288,126,Cleaning,In Progress,Medium,2025-05-23,2025-06-01,889
289,264,Appliance,Closed,Critical,2025-11-02,2025-11-09,1038
290,103,Security,Open,High,2025-10-10,2025-10-20,226
291,94,Plumbing,Open,High,2025-06-22,2025-07-05,870
292,17,Cleaning,Open,High,2025-11-21,,895
293,404,Security,Resolved,High,2025-11-07,,829
294,386,HVAC,In Progress,Low,2025-09-24,,78
295,211,Plumbing,Open,High,2026-03-30,2026-04-13,126
296,118,Cleaning,Open,High,2025-06-25,2025-07-04,994
297,53,HVAC,Open,High,2025-02-03,2025-02-10,585
298,390,Electrical,In Progress,Medium,2026-02-15,2026-02-16,184
299,487,Security,Resolved,Critical,2025-11-12,2025-11-24,743
300,325,Security,In Progress,High,2026-05-21,2026-05-27,601
301,57,Electrical,Open,Medium,2026-03-18,,958
302,474,Plumbing,Open,Critical,2026-01-01,2026-01-11,374
303,53,Electrical,Open,Low,2025-12-09,,98
304,363,Security,Closed,High,2026-03-03,,303
305,397,Appliance,Open,Medium,2026-04-02,2026-04-06,116
306,451,Appliance,In Progress,Critical,2025-09-04,2025-09-15,1096
307,54,Security,Open,Low,2025-08-09,,233
308,236,Appliance,Resolved,High,2025-01-24,2025-02-01,193
309,276,Electrical,Resolved,Low,2025-03-08,2025-03-22,105
310,224,Cleaning,Open,High,2025-05-01,2025-05-03,166
311,213,Plumbing,Closed,Critical,2026-05-27,,823
312,247,Electrical,Resolved,Low,2025-01-07,,1022
313,413,Cleaning,Closed,Medium,2025-04-18,,373
314,204,Security,Closed,Low,2025-12-01,2025-12-07,313
315,258,Plumbing,Closed,Critical,2025-10-25,,200
316,257,HVAC,In Progress,High,2025-12-31,2026-01-07,1042
317,277,Appliance,Open,High,2026-03-26,,665
318,473,Plumbing,Closed,Critical,2025-05-06,2025-05-08,226
319,467,Electrical,Resolved,Low,2026-01-02,,698
320,75,Electrical,Closed,Critical,2025-11-08,2025-11-18,932
321,292,Cleaning,Closed,Low,2026-04-02,2026-04-10,1192
322,90,Cleaning,Open,High,2025-05-02,2025-05-06,1065
323,303,HVAC,Open,High,2026-03-11,,1035
324,22,Appliance,In Progress,High,2025-08-04,2025-08-08,193
325,449,Plumbing,Resolved,High,2025-04-14,2025-04-25,1035
326,28,Appliance,In Progress,Low,2025-03-13,,1017
327,260,Appliance,Open,Medium,2025-11-10,,759
328,194,Security,Resolved,Medium,2025-01-15,,100
329,62,Plumbing,In Progress,Medium,2025-07-21,2025-08-03,561
330,333,HVAC,Open,Medium,2025-12-22,2025-12-24,527
331,439,General Repair,Resolved,High,2025-07-23,2025-08-03,1006
332,283,Electrical,Open,Critical,2025-03-17,,691
333,328,Electrical,Resolved,Low,2026-05-07,2026-05-12,828
334,25,Cleaning,Open,Critical,2026-01-30,,940
335,210,Cleaning,Open,Medium,2025-09-30,2025-10-05,879
336,329,HVAC,Resolved,High,2025-08-14,2025-08-20,269
337,352,General Repair,Closed,Low,2025-12-03,2025-12-17,1093
338,119,Cleaning,Closed,Medium,2025-06-01,2025-06-08,524
339,497,Plumbing,Closed,Medium,2025-03-02,,235
340,384,Appliance,Resolved,Medium,2025-02-11,2025-02-15,527
341,92,Appliance,Closed,Medium,2025-12-07,,701
342,60,Cleaning,Open,Low,2025-03-19,,836
343,178,HVAC,Open,Medium,2025-04-04,2025-04-17,400
344,85,Electrical,In Progress,Critical,2026-03-02,,1096
345,281,General Repair,Resolved,Critical,2025-08-23,,728
346,77,Security,Resolved,Medium,2025-02-04,,347
347,195,Security,Open,Medium,2026-04-23,,1076
348,192,HVAC,Closed,High,2025-04-04,,661
349,427,Plumbing,In Progress,Low,2026-04-22,2026-05-01,62
350,461,Cleaning,Closed,Low,2026-05-24,,570
351,184,Security,Closed,Low,2025-01-09,,953
352,27,Plumbing,In Progress,Critical,2025-01-28,2025-01-31,428
353,5,Cleaning,In Progress,High,2025-03-06,2025-03-16,265
354,123,HVAC,Closed,Medium,2026-02-19,,729
355,304,Cleaning,Resolved,Medium,2025-12-31,,401
356,67,Electrical,Resolved,High,2025-11-21,,584
357,126,Plumbing,Resolved,Medium,2025-02-07,2025-02-21,994
358,468,Cleaning,In Progress,Medium,2025-08-27,2025-09-09,268
359,182,Plumbing,Open,High,2025-09-01,2025-09-02,1160
360,15,HVAC,In Progress,Low,2025-10-26,2025-10-27,399
361,166,HVAC,Closed,High,2025-02-16,2025-03-01,1034
362,224,Cleaning,Open,Medium,2025-03-31,2025-04-06,188
363,329,Cleaning,Open,Critical,2025-10-14,2025-10-19,1018
364,422,Electrical,Closed,Low,2025-03-29,2025-04-08,360
365,251,General Repair,Resolved,Low,2025-06-25,2025-07-04,1046
366,276,General Repair,In Progress,Medium,2025-07-25,2025-08-01,795
367,177,General Repair,Closed,Low,2026-04-07,2026-04-13,318
368,362,Plumbing,In Progress,Medium,2025-05-23,,958
369,318,Plumbing,Closed,Critical,2026-03-21,,106
370,18,General Repair,In Progress,Low,2025-03-31,2025-04-13,751
371,354,Cleaning,In Progress,High,2025-03-11,2025-03-23,1177
372,127,Security,Open,Low,2025-08-15,2025-08-25,936
373,282,HVAC,Resolved,Low,2025-09-09,2025-09-20,713
374,329,General Repair,Resolved,Low,2026-02-11,,841
375,13,Cleaning,Resolved,Medium,2025-12-16,,72
376,26,Plumbing,Open,High,2025-12-11,2025-12-14,1071
377,479,Plumbing,Closed,Medium,2025-11-30,,895
378,88,Appliance,In Progress,Medium,2025-06-06,2025-06-12,550
379,261,HVAC,In Progress,Low,2026-02-05,2026-02-11,1195
380,137,Electrical,Open,High,2025-09-29,2025-10-04,655
381,142,Security,In Progress,Low,2026-03-18,2026-04-01,433
382,158,Security,Closed,Critical,2025-12-12,2025-12-16,228
383,409,Security,In Progress,Low,2025-09-06,2025-09-15,118
384,262,Security,In Progress,Low,2025-06-13,2025-06-17,1132
385,469,General Repair,Closed,Medium,2025-12-18,2025-12-22,328
386,44,HVAC,Open,High,2026-03-17,,924
387,328,Electrical,In Progress,Critical,2026-04-12,2026-04-13,980
388,71,Cleaning,Closed,Critical,2026-03-26,2026-04-06,1051
389,121,HVAC,Closed,Low,2025-06-05,2025-06-13,122
390,179,Electrical,Open,Low,2025-01-18,2025-01-24,71
391,369,Appliance,In Progress,Critical,2026-01-14,,395
392,169,Cleaning,Open,Medium,2025-03-08,2025-03-19,773
393,336,Security,In Progress,Critical,2026-01-15,,573
394,223,HVAC,Resolved,Medium,2025-08-30,2025-09-02,380
395,283,Cleaning,In Progress,Low,2025-07-16,,66
396,95,Electrical,In Progress,Medium,2026-05-22,,666
397,156,Plumbing,Open,Low,2025-10-23,2025-10-27,664
398,148,Cleaning,In Progress,Medium,2025-10-08,2025-10-20,323
399,257,Cleaning,In Progress,Critical,2025-03-15,2025-03-28,546
400,102,Cleaning,Closed,Medium,2025-09-26,2025-10-01,1140
401,406,HVAC,In Progress,Critical,2025-09-27,,348
402,327,HVAC,Resolved,High,2025-06-04,,640
403,287,Security,Closed,High,2025-06-16,2025-06-22,804
404,305,Cleaning,Resolved,Low,2026-05-20,,100
405,2,Plumbing,Open,Critical,2026-03-26,2026-04-01,274
406,202,General Repair,Open,Medium,2025-08-07,2025-08-12,616
407,428,Security,Resolved,High,2026-01-31,,867
408,452,Security,Resolved,Critical,2026-01-28,2026-01-29,426
409,341,Cleaning,Closed,Medium,2025-01-29,2025-02-10,690
410,41,Security,Open,Critical,2025-09-01,2025-09-14,338
411,236,HVAC,Resolved,Critical,2025-08-20,,683
412,320,Plumbing,Resolved,High,2025-11-02,2025-11-08,617
413,298,Electrical,Closed,Low,2025-11-24,2025-12-07,769
414,140,Plumbing,Resolved,Critical,2025-10-30,2025-11-09,300
415,175,Electrical,In Progress,Medium,2025-01-13,,724
416,35,Security,Closed,Critical,2026-01-17,2026-01-19,828
417,360,HVAC,Open,Low,2025-11-20,2025-11-21,1123
418,226,Appliance,Open,High,2026-03-09,2026-03-18,111
419,31,Security,Closed,Low,2025-11-06,2025-11-07,367
420,193,Security,In Progress,Medium,2026-05-25,2026-05-26,536
421,159,General Repair,Closed,High,2025-05-15,,970
422,259,Cleaning,Resolved,Medium,2025-10-30,2025-11-12,180
423,190,Plumbing,Resolved,Critical,2025-12-12,2025-12-23,660
424,315,Security,Closed,Medium,2025-08-28,2025-09-03,327
425,18,Electrical,Open,Low,2025-10-07,2025-10-12,335
426,427,General Repair,In Progress,Critical,2026-03-01,2026-03-11,1032
427,354,Appliance,Resolved,Critical,2025-07-07,2025-07-13,1091
428,414,Cleaning,Closed,Low,2025-12-16,2025-12-27,709
429,241,Appliance,Closed,High,2026-01-08,,384
430,419,Appliance,Open,High,2025-03-26,2025-03-31,1075
431,431,Cleaning,Resolved,Medium,2025-09-15,2025-09-17,1144
432,300,HVAC,Open,High,2025-07-19,2025-07-23,153
433,228,General Repair,In Progress,Low,2026-01-30,,564
434,442,Cleaning,Open,Medium,2025-05-20,,614
435,65,Plumbing,Closed,Medium,2025-05-04,,1080
436,145,Electrical,Closed,High,2026-01-30,2026-02-12,892
437,287,Appliance,Resolved,Low,2025-11-12,2025-11-14,540
438,484,Electrical,In Progress,Medium,2025-11-06,2025-11-12,98
439,142,Security,Open,High,2025-11-10,2025-11-22,276
440,492,General Repair,Closed,Medium,2025-02-23,2025-03-06,117
441,79,Plumbing,Open,Low,2025-01-04,2025-01-07,790
442,262,Security,Open,High,2026-02-25,2026-03-04,50
443,70,HVAC,Open,Medium,2025-06-15,,113
444,64,Appliance,Resolved,High,2025-04-18,2025-04-20,1053
445,72,Cleaning,Open,Medium,2025-05-20,,294
446,67,Appliance,In Progress,Critical,2026-01-18,2026-01-25,59
447,129,Electrical,Closed,Low,2025-02-16,2025-02-28,482
448,399,General Repair,Open,Low,2025-01-15,2025-01-26,606
449,299,Electrical,Resolved,High,2025-12-25,2025-12-26,482
450,187,General Repair,In Progress,High,2025-04-25,,1059
451,197,Appliance,Resolved,Critical,2025-10-18,2025-10-28,979
452,318,Cleaning,Open,Low,2025-06-08,2025-06-21,212
453,211,Cleaning,Closed,Critical,2025-09-22,2025-09-26,427
454,223,Electrical,Open,Medium,2026-03-17,2026-03-25,1081
455,421,Cleaning,In Progress,High,2026-04-16,2026-04-27,670
456,260,Plumbing,Closed,Critical,2025-11-23,,922
457,115,Cleaning,Resolved,High,2025-12-18,2025-12-31,650
458,169,HVAC,Open,High,2025-06-27,,280
459,212,General Repair,In Progress,Low,2025-07-21,,414
460,59,Cleaning,In Progress,Medium,2025-11-12,,116
461,444,Electrical,Closed,Low,2025-07-14,,730
462,154,Plumbing,In Progress,Critical,2025-10-13,,241
463,464,HVAC,In Progress,Medium,2025-06-27,,729
464,271,Plumbing,Closed,Low,2025-06-13,2025-06-24,356
465,198,Plumbing,In Progress,Critical,2026-03-23,2026-03-30,446
466,158,Electrical,Resolved,Medium,2026-01-06,2026-01-12,1101
467,4,Security,Open,Medium,2025-08-01,2025-08-05,394
468,381,Security,Closed,High,2026-05-10,2026-05-20,878
469,165,Plumbing,Open,Critical,2025-06-10,,1178
470,430,Plumbing,In Progress,Low,2025-01-18,,705
471,499,Appliance,Open,Medium,2025-08-06,2025-08-11,301
472,193,Security,Open,Medium,2026-05-27,,667
473,290,General Repair,Open,Critical,2025-07-10,2025-07-14,614
474,1,Plumbing,Closed,Critical,2025-04-13,2025-04-19,77
475,67,General Repair,Open,High,2025-05-05,2025-05-06,930
476,353,General Repair,Resolved,Medium,2025-01-02,2025-01-05,235
477,125,Electrical,Resolved,Low,2026-01-18,2026-01-20,1100
478,429,Electrical,Closed,High,2026-05-11,2026-05-21,446
479,119,Cleaning,Resolved,Critical,2025-03-26,,438
480,222,General Repair,Open,Low,2025-07-22,2025-07-29,765
481,322,HVAC,Open,Critical,2026-01-05,2026-01-14,1185
482,176,Cleaning,Closed,Medium,2025-12-17,2025-12-29,936
483,95,Electrical,Open,Critical,2026-01-18,2026-01-29,403
484,358,Cleaning,In Progress,Medium,2025-08-03,,160
485,369,HVAC,Closed,High,2025-10-01,2025-10-04,1188
486,220,Security,In Progress,Critical,2025-01-22,2025-02-01,107
487,438,HVAC,In Progress,High,2025-12-10,,220
488,244,Electrical,Closed,Critical,2025-01-25,,403
489,51,Security,Closed,Medium,2026-04-14,2026-04-22,1091
490,488,General Repair,Closed,High,2025-06-08,2025-06-22,468
491,41,Electrical,Resolved,High,2025-06-25,2025-07-07,522
492,223,Electrical,Resolved,Medium,2026-03-08,2026-03-16,280
493,282,Electrical,In Progress,High,2025-08-04,2025-08-07,194
494,175,Appliance,Resolved,Medium,2025-12-11,2025-12-24,529
495,481,HVAC,Open,Low,2025-04-19,2025-04-21,1164
496,374,Plumbing,Closed,Critical,2025-12-10,,385
497,261,Plumbing,Open,Critical,2025-04-14,2025-04-23,1194
498,171,Plumbing,Open,Medium,2025-02-19,2025-03-05,255
499,52,Electrical,Open,Medium,2025-08-15,2025-08-25,859
500,15,Electrical,Closed,High,2025-07-15,2025-07-22,196
501,87,Appliance,Open,Critical,2026-02-16,2026-02-28,1078
502,31,Appliance,In Progress,High,2026-04-27,,929
503,311,Appliance,Open,Low,2026-01-22,2026-01-26,212
504,296,Cleaning,Open,High,2025-09-04,2025-09-11,54
505,3,Appliance,Open,High,2026-05-21,2026-05-25,726
506,318,Plumbing,In Progress,Critical,2025-06-13,,161
507,405,General Repair,Closed,Low,2025-11-13,2025-11-26,145
508,55,HVAC,In Progress,Low,2025-11-01,2025-11-03,929
509,250,General Repair,Resolved,Low,2025-01-29,2025-01-31,167
510,243,Electrical,Resolved,Medium,2025-11-18,2025-11-29,651
511,350,Security,In Progress,Critical,2025-06-21,2025-06-25,1030
512,179,Appliance,Resolved,Low,2026-01-17,2026-01-26,417
513,197,Electrical,Resolved,Low,2025-11-14,2025-11-23,734
514,439,Plumbing,Resolved,Critical,2026-02-13,2026-02-26,1141
515,174,Security,Closed,Medium,2025-09-18,,1179
516,480,Security,Open,Low,2025-09-05,,293
517,498,Cleaning,In Progress,High,2025-07-02,2025-07-05,1105
518,436,Plumbing,Resolved,Low,2025-03-23,2025-03-30,1138
519,291,Electrical,In Progress,Low,2025-05-10,,278
520,44,Cleaning,Closed,High,2025-10-13,2025-10-14,236
521,485,General Repair,Closed,Low,2025-11-19,2025-11-27,124
522,432,HVAC,In Progress,Low,2025-04-16,2025-04-24,851
523,232,Security,In Progress,High,2025-05-08,,612
524,5,Electrical,In Progress,Medium,2025-10-15,2025-10-16,134
525,310,HVAC,Open,Low,2025-12-05,,652
526,65,Appliance,Closed,Critical,2026-04-25,2026-04-28,891
527,128,Security,In Progress,Low,2025-08-23,2025-08-29,901
528,423,Plumbing,In Progress,Critical,2025-07-05,2025-07-17,686
529,7,HVAC,Open,Critical,2025-12-07,,313
530,383,Cleaning,In Progress,Low,2026-04-25,2026-05-06,911
531,302,General Repair,Resolved,Critical,2025-08-14,2025-08-19,860
532,130,Security,In Progress,Low,2026-04-08,2026-04-19,727
533,373,Plumbing,Closed,High,2025-06-03,2025-06-08,837
534,141,Security,Closed,Low,2025-07-26,,480
535,389,Electrical,Closed,Critical,2025-03-03,2025-03-05,1047
536,499,General Repair,Open,Critical,2025-10-12,2025-10-16,261
537,406,Plumbing,In Progress,Critical,2025-05-30,2025-06-09,906
538,233,HVAC,Closed,High,2025-08-17,,264
539,246,Security,Open,Critical,2025-10-29,2025-11-03,994
540,456,Security,Closed,Low,2025-12-13,,271
541,170,Security,Resolved,High,2026-04-25,,814
542,233,Plumbing,Resolved,Medium,2026-03-16,2026-03-19,522
543,141,Security,In Progress,Low,2025-05-21,2025-05-30,1079
544,217,Electrical,In Progress,High,2025-05-09,,617
545,372,Electrical,Open,Medium,2025-07-03,,369
546,364,Appliance,Closed,Critical,2026-03-06,2026-03-12,1199
547,326,Plumbing,In Progress,High,2026-02-02,2026-02-11,814
548,318,HVAC,Resolved,Medium,2025-09-08,2025-09-17,139
549,394,Appliance,Resolved,Low,2025-04-12,2025-04-18,200
550,225,Appliance,Open,Low,2026-04-10,2026-04-16,629
551,419,Appliance,Resolved,High,2026-05-30,2026-06-03,838
552,65,Cleaning,Open,Critical,2025-09-02,,1187
553,84,Electrical,Closed,High,2026-03-20,,88
554,196,General Repair,Resolved,Critical,2026-05-30,2026-06-05,332
555,416,HVAC,Closed,Medium,2025-03-10,2025-03-20,728
556,196,HVAC,Resolved,Critical,2026-02-07,2026-02-17,1094
557,466,Security,In Progress,Low,2026-04-26,,59
558,447,HVAC,Closed,Critical,2025-01-01,2025-01-13,790
559,349,Electrical,Closed,Low,2025-06-17,,329
560,415,Cleaning,Open,Medium,2025-11-04,,94
561,170,Plumbing,Closed,High,2025-06-14,,180
562,318,Security,Closed,Low,2025-03-23,2025-04-02,518
563,163,Appliance,Open,Low,2025-10-31,,228
564,435,HVAC,Open,Low,2025-05-06,2025-05-19,1143
565,53,Cleaning,In Progress,Medium,2026-02-15,2026-02-27,983
566,1,Appliance,In Progress,High,2025-10-27,2025-10-31,427
567,244,Plumbing,In Progress,Critical,2026-04-27,2026-05-10,501
568,77,HVAC,In Progress,High,2026-05-20,2026-06-03,1164
569,418,HVAC,In Progress,Critical,2026-04-28,2026-05-06,1067
570,472,Security,Resolved,Medium,2026-05-19,2026-05-22,255
571,483,Plumbing,Open,Critical,2026-04-17,2026-04-29,731
572,292,General Repair,Closed,Medium,2025-06-25,,685
573,355,Security,Resolved,Low,2025-10-28,2025-11-01,1001
574,187,Appliance,Open,High,2025-10-05,2025-10-11,294
575,391,Security,Resolved,Low,2025-03-09,,211
576,4,General Repair,In Progress,Critical,2026-04-21,2026-04-22,769
577,457,Cleaning,Open,Medium,2025-11-11,2025-11-21,309
578,446,General Repair,Closed,Critical,2026-01-21,,815
579,393,Security,In Progress,Critical,2025-03-14,,440
580,297,Cleaning,In Progress,Low,2025-10-02,,429
581,385,General Repair,Resolved,Critical,2025-12-04,2025-12-10,245
582,151,Cleaning,Closed,High,2026-05-22,2026-05-25,1141
583,208,HVAC,Open,Critical,2026-05-13,,978
584,123,Appliance,Resolved,Low,2025-04-03,,1025
585,273,General Repair,Resolved,High,2025-05-24,2025-05-31,264
586,95,General Repair,Resolved,Low,2025-06-20,,354
587,285,Security,In Progress,Critical,2026-04-08,2026-04-13,127
588,194,Cleaning,Open,Critical,2025-11-15,2025-11-20,217
589,331,Security,Open,Critical,2026-02-21,,85
590,415,Cleaning,Resolved,Critical,2025-06-04,2025-06-08,342
591,380,HVAC,Open,Low,2025-01-11,,596
592,344,Cleaning,Resolved,Critical,2025-08-11,,1051
593,173,General Repair,Resolved,High,2025-10-13,,432
594,89,Electrical,Closed,Low,2025-08-05,2025-08-18,562
595,99,Cleaning,In Progress,Critical,2025-11-01,2025-11-12,498
596,81,General Repair,Resolved,Medium,2025-04-17,2025-04-27,788
597,294,Plumbing,Closed,Low,2026-02-10,,1122
598,184,Appliance,Open,Medium,2025-10-02,2025-10-12,79
599,473,Plumbing,In Progress,High,2025-09-14,,1040
600,72,Cleaning,In Progress,Medium,2025-11-02,2025-11-06,669
601,174,General Repair,Open,High,2025-10-20,2025-10-29,657
602,127,General Repair,Closed,Critical,2026-03-23,,1059
603,441,HVAC,Resolved,Critical,2025-02-09,2025-02-19,867
604,61,General Repair,Open,Critical,2025-08-19,2025-08-27,154
605,242,Electrical,Open,Low,2025-05-07,,1091
606,246,Electrical,Closed,Medium,2025-11-24,,686
607,491,General Repair,Closed,High,2025-02-01,2025-02-07,200
608,256,Cleaning,Open,Low,2025-03-24,2025-03-27,342
609,40,Plumbing,Closed,Medium,2025-09-11,2025-09-23,193
610,105,General Repair,Open,Low,2025-05-09,2025-05-11,734
611,312,Plumbing,Closed,High,2025-11-03,2025-11-04,496
612,105,Cleaning,Closed,Low,2025-09-18,2025-09-26,462
613,202,Plumbing,Resolved,Low,2025-10-01,,425
614,199,Cleaning,In Progress,Low,2025-12-23,2026-01-01,632
615,361,Plumbing,Open,Medium,2026-02-06,2026-02-09,495
616,289,Appliance,Resolved,Medium,2026-05-29,2026-06-12,306
617,492,Plumbing,In Progress,Low,2025-04-17,2025-04-29,753
618,456,Security,Closed,High,2025-03-29,2025-03-30,1030
619,85,HVAC,Closed,Low,2025-01-19,2025-01-20,625
620,466,Electrical,In Progress,High,2025-03-14,2025-03-21,1188
621,331,Electrical,Open,High,2025-09-01,,614
622,188,General Repair,Closed,Medium,2026-03-06,2026-03-13,1186
623,436,General Repair,Open,High,2026-05-15,,210
624,414,HVAC,Open,Critical,2025-04-10,,742
625,161,Appliance,In Progress,Low,2025-07-23,2025-08-06,271
626,348,HVAC,Closed,High,2025-05-19,2025-05-30,1188
627,25,Appliance,Open,Critical,2026-04-06,2026-04-14,1058
628,121,Appliance,In Progress,Medium,2025-01-23,,413
629,93,Plumbing,Open,Medium,2025-05-29,2025-06-04,357
630,101,Security,Resolved,Low,2025-10-03,2025-10-15,273
631,290,Electrical,In Progress,High,2025-08-30,2025-09-01,949
632,232,Appliance,Resolved,Low,2025-04-06,2025-04-08,981
633,357,Electrical,In Progress,Low,2026-05-25,2026-05-26,1032
634,462,General Repair,Resolved,Critical,2025-04-30,2025-05-04,976
635,427,General Repair,Resolved,High,2025-09-28,2025-10-10,882
636,341,Cleaning,In Progress,Low,2026-04-23,,296
637,360,Security,Open,Medium,2025-08-02,2025-08-15,479
638,96,Security,In Progress,High,2025-07-01,,1143
639,19,Plumbing,Resolved,Low,2025-02-12,,926
640,225,HVAC,Closed,Critical,2025-04-28,2025-05-07,718
641,221,General Repair,Open,Low,2025-03-05,2025-03-19,1057
642,398,HVAC,In Progress,Low,2025-07-30,,788
643,6,Cleaning,In Progress,Medium,2026-01-05,,861
644,102,HVAC,Closed,Medium,2025-03-02,2025-03-14,956
645,76,General Repair,In Progress,Critical,2025-05-13,2025-05-26,242
646,487,HVAC,In Progress,High,2025-10-03,,1158
647,459,Plumbing,Closed,Low,2025-08-05,2025-08-12,131
648,320,Electrical,In Progress,Low,2025-04-22,,1063
649,237,Cleaning,In Progress,Medium,2025-06-25,2025-07-01,161
650,475,HVAC,In Progress,Medium,2025-10-30,,1134
651,72,Appliance,Resolved,Low,2025-11-06,2025-11-12,990
652,208,Appliance,In Progress,Critical,2026-01-19,2026-01-21,109
653,275,Cleaning,Resolved,Low,2026-03-08,2026-03-17,1173
654,166,Plumbing,Resolved,High,2026-01-14,2026-01-28,624
655,178,HVAC,Resolved,Medium,2025-07-27,2025-08-05,798
656,87,HVAC,Closed,Low,2025-04-23,2025-05-05,213
657,30,HVAC,Closed,High,2026-01-13,2026-01-25,554
658,404,Plumbing,In Progress,Medium,2025-10-10,2025-10-17,386
659,261,Cleaning,Resolved,Low,2025-08-06,2025-08-13,711
660,367,HVAC,Closed,Low,2025-10-11,2025-10-18,832
661,63,Electrical,Closed,High,2026-05-20,2026-06-03,859
662,337,Cleaning,Open,Critical,2025-12-13,2025-12-23,593
663,298,Electrical,Open,Low,2025-04-09,2025-04-15,1099
664,335,Cleaning,In Progress,Critical,2026-01-25,2026-01-27,893
665,394,Plumbing,Open,Medium,2026-05-03,,941
666,214,Plumbing,Closed,Medium,2026-04-19,2026-04-23,470
667,242,Plumbing,In Progress,Low,2026-05-18,,376
668,325,Plumbing,Resolved,Low,2026-05-09,2026-05-13,348
669,222,Plumbing,Closed,Medium,2025-02-10,,552
670,255,General Repair,In Progress,Critical,2026-01-20,,379
671,25,Plumbing,Open,Medium,2026-02-14,2026-02-16,360
672,350,General Repair,Open,Critical,2025-11-04,2025-11-09,983
673,317,General Repair,In Progress,High,2026-02-23,2026-02-27,321
674,101,Cleaning,Resolved,High,2025-03-25,2025-04-02,589
675,58,Electrical,Open,Medium,2026-01-19,2026-01-24,1001
676,192,Security,Open,Critical,2025-11-13,2025-11-21,673
677,251,Appliance,In Progress,Critical,2025-09-09,,632
678,250,Appliance,In Progress,High,2025-04-26,2025-05-06,1134
679,181,HVAC,Closed,Medium,2026-01-27,2026-01-31,918
680,162,HVAC,Closed,Low,2026-01-13,,413
681,98,Appliance,In Progress,High,2025-07-26,2025-08-08,300
682,444,Security,Open,Critical,2025-08-22,2025-08-26,260
683,368,Appliance,In Progress,High,2025-07-06,2025-07-11,225
684,99,Appliance,Open,Critical,2025-12-03,,850
685,239,HVAC,Open,High,2025-03-30,2025-04-05,1175
686,376,Electrical,Open,Critical,2026-01-29,,129
687,8,General Repair,Open,Medium,2026-04-26,,212
688,49,General Repair,Open,Medium,2025-04-23,,993
689,311,Plumbing,Resolved,Medium,2025-11-08,2025-11-13,801
690,309,HVAC,In Progress,Low,2026-01-29,2026-02-07,420
691,138,General Repair,Resolved,Low,2025-11-22,,243
692,221,General Repair,Open,Critical,2025-08-31,,535
693,107,Appliance,Resolved,Critical,2025-12-21,,758
694,38,General Repair,In Progress,High,2025-05-16,,1062
695,215,Appliance,In Progress,Medium,2025-11-14,2025-11-28,235
696,431,Security,Resolved,Medium,2025-03-05,2025-03-13,238
697,427,Plumbing,Resolved,Critical,2025-02-10,2025-02-20,252
698,268,Security,Closed,High,2025-02-12,,1069
699,493,Security,Resolved,High,2026-01-26,2026-02-06,403
700,75,Electrical,Open,Critical,2025-07-20,,382
701,457,Electrical,In Progress,Low,2025-07-15,,130
702,160,Cleaning,Resolved,High,2025-02-24,2025-02-28,994
703,71,Security,In Progress,Critical,2025-03-21,2025-04-02,290
704,378,Appliance,In Progress,Medium,2026-01-16,2026-01-26,937
705,126,HVAC,Closed,Critical,2025-06-15,2025-06-25,210
706,233,HVAC,Resolved,Low,2025-11-22,2025-11-23,1103
707,56,Security,Open,Low,2026-01-13,2026-01-14,128
708,42,Security,Resolved,Low,2025-02-11,2025-02-24,569
709,413,General Repair,In Progress,High,2025-09-19,,331
710,129,Plumbing,Resolved,Critical,2025-10-06,2025-10-12,681
711,423,Cleaning,In Progress,Low,2026-01-29,2026-02-12,1091
712,236,Cleaning,Resolved,Critical,2025-12-11,2025-12-25,198
713,431,General Repair,In Progress,High,2025-04-06,2025-04-18,60
714,152,Plumbing,In Progress,Critical,2025-02-13,2025-02-27,676
715,351,Appliance,Closed,High,2025-04-25,2025-05-04,1189
716,454,Electrical,In Progress,Low,2026-04-14,2026-04-20,672
717,316,Cleaning,In Progress,Critical,2025-12-29,2026-01-06,973
718,342,Appliance,In Progress,Medium,2026-04-21,2026-05-03,1129
719,381,Cleaning,In Progress,Medium,2026-01-31,,353
720,195,Cleaning,In Progress,Critical,2025-11-20,2025-11-21,174
721,148,Plumbing,Closed,High,2025-11-19,2025-11-29,181
722,168,Cleaning,In Progress,Critical,2025-03-12,2025-03-24,744
723,28,Plumbing,Resolved,Medium,2025-07-11,2025-07-14,229
724,316,Electrical,Closed,Medium,2025-05-14,2025-05-17,1096
725,73,HVAC,Resolved,Medium,2025-07-21,2025-07-22,949
726,62,Electrical,In Progress,Low,2025-06-28,2025-07-04,488
727,343,Plumbing,Closed,Medium,2025-01-13,2025-01-16,633
728,437,HVAC,Resolved,High,2025-10-08,2025-10-14,257
729,102,General Repair,Resolved,Critical,2026-04-04,2026-04-10,572
730,408,Plumbing,Resolved,Critical,2025-01-13,,723
731,392,General Repair,Resolved,High,2025-06-07,2025-06-08,1112
732,360,General Repair,In Progress,Medium,2025-06-15,,337
733,456,HVAC,In Progress,Medium,2025-03-31,2025-04-14,424
734,398,Electrical,In Progress,Low,2025-08-10,2025-08-17,270
735,485,Electrical,Closed,High,2026-01-20,2026-01-27,161
736,301,Cleaning,Closed,Medium,2025-02-13,2025-02-15,507
737,336,Cleaning,Open,High,2025-11-06,2025-11-20,393
738,250,Appliance,In Progress,Low,2025-09-26,2025-09-27,519
739,263,General Repair,Resolved,High,2025-06-17,2025-06-28,511
740,41,Security,Closed,Medium,2025-12-22,2025-12-23,505
741,285,Cleaning,Closed,Medium,2025-12-13,2025-12-20,57
742,394,Electrical,In Progress,Critical,2025-07-29,,105
743,217,HVAC,Open,Critical,2025-07-18,2025-08-01,79
744,70,Security,Open,Critical,2025-08-14,,142
745,451,Plumbing,Resolved,Medium,2025-04-12,2025-04-26,262
746,223,Electrical,Closed,High,2025-07-01,2025-07-04,262
747,407,Appliance,Closed,High,2025-04-23,,1022
748,43,Electrical,Resolved,Low,2025-07-18,2025-07-21,252
749,359,General Repair,Closed,Low,2026-01-21,,420
750,167,Cleaning,Open,Medium,2025-08-08,2025-08-10,1112
751,139,Appliance,Closed,Critical,2026-04-09,,1001
752,38,Plumbing,Open,Medium,2025-03-18,,381
753,6,Security,Closed,Medium,2026-04-09,2026-04-17,486
754,45,Appliance,Resolved,Critical,2026-01-31,,358
755,284,Appliance,Open,Critical,2025-11-26,,191
756,184,General Repair,Open,Low,2025-06-04,2025-06-05,532
757,411,Cleaning,Closed,High,2026-03-15,,133
758,325,Cleaning,In Progress,Medium,2025-07-05,2025-07-15,972
759,399,Plumbing,Resolved,Medium,2025-07-29,2025-08-06,633
760,329,Appliance,Closed,High,2025-12-11,2025-12-19,517
761,336,HVAC,Closed,High,2025-07-09,,521
762,114,Security,In Progress,Medium,2026-04-25,2026-04-27,568
763,76,Appliance,Open,Low,2025-08-09,2025-08-16,1077
764,496,Electrical,Open,Low,2026-03-05,,537
765,251,Appliance,Closed,High,2026-01-08,2026-01-16,408
766,18,Cleaning,Closed,Medium,2026-01-22,2026-01-27,362
767,263,Appliance,In Progress,Critical,2025-03-25,,796
768,345,Appliance,Open,Low,2025-10-23,2025-11-04,108
769,460,Appliance,Open,Low,2025-08-19,2025-09-01,326
770,459,Security,Resolved,Critical,2025-09-21,,458
771,31,Appliance,Closed,Medium,2025-06-23,,748
772,301,General Repair,Closed,High,2025-06-07,2025-06-11,515
773,410,General Repair,Open,Medium,2025-06-12,2025-06-16,136
774,211,General Repair,Open,Low,2025-09-25,,237
775,168,Electrical,In Progress,High,2026-01-30,2026-02-03,52
776,120,General Repair,In Progress,Low,2025-11-10,,187
777,98,Security,Open,Medium,2025-07-12,,684
778,77,Appliance,Resolved,Low,2025-06-23,2025-07-05,384
779,422,Electrical,In Progress,High,2025-10-24,,836
780,174,Security,Resolved,High,2025-01-16,2025-01-27,651
781,407,HVAC,Closed,Low,2026-01-04,2026-01-08,866
782,436,HVAC,Resolved,Medium,2025-12-26,2026-01-01,1028
783,158,HVAC,Closed,Critical,2025-09-09,2025-09-14,553
784,80,Electrical,In Progress,Medium,2026-05-02,,826
785,29,General Repair,In Progress,Medium,2025-10-12,2025-10-19,291
786,407,Electrical,Open,Critical,2025-04-03,,604
787,391,Cleaning,Closed,High,2025-08-07,2025-08-16,627
788,103,General Repair,Closed,Medium,2025-07-13,2025-07-15,974
789,158,Appliance,Closed,Medium,2025-02-14,2025-02-24,1164
790,51,Security,Open,Critical,2026-05-08,2026-05-09,1044
791,130,Cleaning,Resolved,Low,2025-08-20,2025-09-02,1022
792,252,Electrical,Resolved,Low,2025-11-10,2025-11-19,231
793,222,Security,Closed,Critical,2025-12-14,2025-12-24,856
794,450,HVAC,Closed,Critical,2026-05-04,2026-05-08,211
795,197,Security,Closed,Critical,2025-06-01,2025-06-13,827
796,439,HVAC,Open,High,2026-01-14,,172
797,127,Appliance,In Progress,Critical,2025-06-04,2025-06-12,731
798,124,Cleaning,Closed,Low,2026-02-21,2026-03-03,678
799,210,Security,Resolved,High,2025-04-14,2025-04-20,200
800,442,General Repair,Closed,High,2025-04-25,2025-05-05,803
801,264,Appliance,In Progress,Low,2025-08-10,,951
802,9,Security,Closed,High,2026-01-05,2026-01-08,776
803,498,Cleaning,In Progress,Medium,2026-02-17,,1087
804,168,HVAC,Resolved,Medium,2025-11-26,,663
805,495,Appliance,In Progress,Critical,2025-10-15,2025-10-28,1041
806,297,Security,Closed,Critical,2025-01-13,2025-01-26,466
807,263,General Repair,Open,Critical,2025-10-04,2025-10-06,799
808,225,Security,In Progress,High,2026-02-11,2026-02-18,561
809,368,HVAC,Open,Critical,2025-08-10,2025-08-17,579
810,240,General Repair,Open,Medium,2026-05-17,,941
811,410,Cleaning,Closed,Low,2026-04-12,2026-04-15,174
812,323,Electrical,In Progress,Low,2025-01-25,2025-02-04,142
813,83,Plumbing,Open,High,2025-02-20,2025-02-22,936
814,70,HVAC,Resolved,Low,2025-10-17,,104
815,317,Electrical,Closed,Medium,2025-02-02,,671
816,235,HVAC,In Progress,High,2025-06-15,2025-06-21,869
817,457,Security,Open,High,2026-03-04,2026-03-05,1199
818,73,Plumbing,Open,Critical,2025-07-26,2025-08-05,403
819,350,HVAC,Closed,Medium,2026-05-30,2026-06-05,739
820,175,HVAC,In Progress,Medium,2026-01-27,2026-02-10,1140
821,59,General Repair,Resolved,Critical,2026-04-04,,289
822,422,Appliance,Open,Low,2025-04-05,,623
823,497,Appliance,Resolved,Low,2026-04-14,2026-04-20,1115
824,145,HVAC,Open,Medium,2025-05-14,,167
825,387,Cleaning,In Progress,High,2025-07-11,,1088
826,464,Security,Open,High,2025-05-06,2025-05-15,746
827,20,HVAC,Closed,Medium,2026-02-17,,520
828,89,Plumbing,Resolved,High,2025-12-14,2025-12-22,592
829,321,Appliance,Closed,Critical,2025-05-15,2025-05-17,141
830,89,Electrical,Closed,Medium,2025-07-18,2025-07-30,964
831,272,Appliance,Closed,Low,2025-03-05,2025-03-15,683
832,252,Plumbing,Resolved,Medium,2025-06-11,2025-06-23,1062
833,238,Security,Open,Critical,2025-12-27,2026-01-06,344
834,255,Security,Closed,High,2026-04-14,,435
835,64,Electrical,Resolved,Low,2025-04-22,2025-05-04,1161
836,381,General Repair,Open,High,2026-02-01,2026-02-08,1135
837,306,Cleaning,Open,High,2025-11-28,2025-12-07,803
838,117,Cleaning,Resolved,Medium,2025-12-01,2025-12-15,856
839,448,Electrical,Open,Critical,2025-09-21,2025-09-26,865
840,350,General Repair,Open,Critical,2025-03-22,2025-04-01,1117
841,202,Cleaning,Closed,Medium,2025-01-25,,224
842,86,Plumbing,Resolved,Critical,2025-10-18,,363
843,446,Appliance,In Progress,High,2026-01-30,2026-02-07,734
844,45,Plumbing,Closed,Low,2026-02-12,,636
845,24,General Repair,Resolved,Low,2025-08-06,2025-08-12,973
846,114,Plumbing,Closed,High,2025-02-08,2025-02-14,321
847,143,HVAC,In Progress,Low,2025-08-26,2025-08-31,809
848,9,HVAC,Resolved,Medium,2026-02-15,2026-02-27,721
849,209,HVAC,Open,Low,2025-06-05,2025-06-19,745
850,308,General Repair,Resolved,Critical,2026-03-20,2026-03-25,1116
851,452,Security,Resolved,Medium,2025-01-14,,365
852,279,HVAC,Closed,High,2025-06-19,2025-06-23,341
853,115,General Repair,In Progress,Medium,2026-02-27,2026-03-09,727
854,331,Plumbing,Open,High,2025-12-03,,115
855,193,General Repair,Open,Low,2025-10-07,,59
856,200,Appliance,Resolved,Critical,2026-05-01,2026-05-15,245
857,294,Electrical,Open,Low,2025-03-14,2025-03-16,941
858,352,General Repair,In Progress,Low,2025-05-30,,810
859,379,HVAC,Open,Low,2026-02-05,2026-02-17,524
860,298,Plumbing,Closed,Low,2026-04-12,,339
861,89,Plumbing,Resolved,Critical,2025-04-07,2025-04-10,255
862,306,Security,Resolved,Medium,2026-05-08,2026-05-13,1042
863,344,Cleaning,In Progress,High,2025-03-04,2025-03-14,643
864,140,Electrical,Resolved,Low,2026-04-11,,297
865,440,Plumbing,Closed,High,2025-05-16,,706
866,3,Cleaning,Open,Low,2025-01-15,2025-01-19,57
867,189,Cleaning,Open,Critical,2025-11-07,2025-11-12,579
868,62,Plumbing,In Progress,Critical,2025-11-23,,366
869,370,General Repair,Open,Medium,2025-11-11,2025-11-12,302
870,491,Cleaning,In Progress,Critical,2025-07-11,2025-07-13,1055
871,219,Electrical,Resolved,Low,2025-02-16,2025-02-23,533
872,494,General Repair,Closed,Critical,2025-11-27,2025-12-10,816
873,175,Appliance,Open,Low,2025-06-12,2025-06-19,329
874,407,Cleaning,Closed,Critical,2025-03-10,,1138
875,100,Electrical,Closed,Medium,2025-05-26,,63
876,281,Security,Resolved,Low,2025-07-17,,146
877,44,Plumbing,Resolved,Critical,2026-04-26,2026-04-27,74
878,128,Cleaning,Open,Critical,2025-04-06,2025-04-09,888
879,47,HVAC,Resolved,Medium,2025-07-11,2025-07-19,681
880,432,Cleaning,Closed,Medium,2025-12-21,2025-12-25,570
881,248,Cleaning,In Progress,High,2025-02-14,2025-02-20,1057
882,300,Appliance,Closed,Medium,2026-03-14,,739
883,430,Plumbing,Closed,Critical,2025-12-09,2025-12-12,522
884,199,Appliance,In Progress,High,2025-01-09,,439
885,452,Appliance,Open,Critical,2025-08-05,2025-08-16,1033
886,363,General Repair,Open,Medium,2026-05-07,2026-05-12,1173
887,394,Appliance,In Progress,Medium,2025-06-27,,441
888,41,Appliance,Open,Medium,2026-04-15,2026-04-22,767
889,367,General Repair,In Progress,Medium,2025-12-22,2025-12-30,663
890,299,Security,Resolved,Critical,2026-01-22,2026-02-02,930
891,252,Security,Resolved,Critical,2025-04-18,,672
892,478,Security,Resolved,Low,2025-08-21,2025-08-28,287
893,333,Electrical,Resolved,Low,2026-05-17,2026-05-27,565
894,235,Electrical,In Progress,Low,2026-04-07,2026-04-19,462
895,193,HVAC,In Progress,High,2025-04-12,2025-04-19,666
896,273,Cleaning,Open,Low,2026-01-28,2026-02-07,813
897,367,Electrical,Open,Medium,2026-05-07,2026-05-09,829
898,6,General Repair,Closed,Medium,2025-11-07,2025-11-18,1036
899,18,General Repair,Open,Low,2025-12-16,,335
900,245,HVAC,In Progress,Critical,2025-11-20,2025-11-25,160
901,398,Cleaning,Open,Low,2025-12-07,,558
902,211,Electrical,Resolved,Medium,2025-09-12,,608
903,360,Cleaning,Open,High,2025-12-04,2025-12-17,892
904,354,General Repair,Resolved,Medium,2025-03-23,2025-03-28,883
905,41,Plumbing,Closed,Low,2026-02-15,2026-02-23,281
906,468,General Repair,Closed,Low,2025-10-11,2025-10-17,847
907,124,Cleaning,Open,Critical,2025-01-16,2025-01-28,940
908,330,Electrical,Open,Medium,2025-03-28,2025-03-31,1189
909,406,HVAC,Closed,Critical,2026-04-14,,535
910,166,Security,Closed,Low,2025-04-15,2025-04-28,439
911,145,Security,Open,Low,2026-03-14,2026-03-21,468
912,106,Plumbing,Open,Critical,2025-07-16,,761
913,498,Electrical,In Progress,Low,2025-05-25,2025-06-07,601
914,198,HVAC,Open,Critical,2025-08-16,,785
915,163,General Repair,Open,Critical,2026-03-09,2026-03-22,1180
916,351,HVAC,Open,Medium,2025-03-24,2025-04-07,105
917,104,Appliance,In Progress,Critical,2025-01-13,2025-01-20,460
918,336,HVAC,Closed,Critical,2026-01-26,2026-02-02,834
919,181,Electrical,Open,High,2025-09-21,2025-09-24,383
920,231,Plumbing,Resolved,High,2025-11-22,2025-11-28,830
921,231,Plumbing,Closed,Medium,2025-02-04,2025-02-18,1178
922,258,Appliance,Resolved,Low,2026-01-01,2026-01-14,782
923,268,Appliance,Open,High,2025-11-01,2025-11-08,1128
924,432,Plumbing,Resolved,Medium,2026-01-24,2026-02-01,501
925,330,Appliance,Resolved,Low,2025-10-09,2025-10-18,473
926,259,HVAC,Resolved,Low,2025-05-25,2025-06-08,184
927,478,General Repair,Resolved,Medium,2025-11-22,2025-12-01,668
928,102,Electrical,Open,Critical,2025-06-13,2025-06-22,998
929,148,Electrical,Resolved,Low,2025-12-26,2026-01-09,1002
930,333,Appliance,Open,Medium,2025-10-24,,812
931,464,Electrical,Resolved,Critical,2026-05-20,2026-05-29,171
932,155,Cleaning,Closed,High,2026-02-08,2026-02-13,561
933,69,Plumbing,Closed,High,2026-01-01,,1097
934,248,Electrical,Closed,Low,2025-09-21,,1099
935,316,Security,In Progress,Medium,2026-04-22,,1074
936,473,Appliance,Closed,Low,2025-12-06,,940
937,210,HVAC,In Progress,High,2026-01-01,2026-01-07,507
938,17,HVAC,Closed,Critical,2025-09-10,,970
939,106,HVAC,Open,Low,2025-01-26,2025-02-01,482
940,193,General Repair,Closed,Critical,2025-12-23,2025-12-26,423
941,212,Cleaning,Open,Medium,2026-05-19,,1159
942,138,Plumbing,Resolved,Medium,2025-10-06,2025-10-17,523
943,216,Electrical,Closed,Low,2025-01-19,,1097
944,255,HVAC,Closed,Critical,2026-05-07,2026-05-13,603
945,402,Cleaning,In Progress,High,2025-10-26,2025-11-06,808
946,476,HVAC,Closed,High,2025-08-24,,922
947,80,Cleaning,Closed,High,2025-02-19,2025-02-23,725
948,366,HVAC,Resolved,Medium,2026-01-25,2026-02-03,144
949,392,Plumbing,Closed,Critical,2025-02-23,2025-03-08,849
950,485,General Repair,Closed,Critical,2026-02-08,,305
951,165,Security,In Progress,Low,2026-02-24,2026-03-04,797
952,294,HVAC,Closed,Critical,2025-05-22,2025-05-29,829
953,434,General Repair,Open,Low,2025-02-19,2025-02-23,244
954,123,Electrical,Closed,High,2026-04-22,,325
955,497,HVAC,Resolved,Critical,2025-11-28,2025-12-01,815
956,469,Electrical,Resolved,Low,2025-05-14,2025-05-26,223
957,62,Cleaning,Resolved,Medium,2025-03-03,,924
958,320,Cleaning,Resolved,High,2026-03-26,,1003
959,147,Security,Open,High,2025-06-16,2025-06-18,1196
960,389,Cleaning,In Progress,Critical,2025-06-28,2025-07-09,407
961,55,Security,Closed,Critical,2025-04-14,,998
962,43,Appliance,Closed,Critical,2025-01-31,,617
963,230,Appliance,Open,Medium,2025-09-11,2025-09-21,337
964,459,General Repair,Open,Critical,2026-04-20,2026-05-03,777
965,345,Cleaning,Closed,Low,2025-06-29,2025-06-30,101
966,160,Plumbing,In Progress,Critical,2025-12-20,,258
967,472,Security,Closed,Low,2026-03-01,2026-03-05,1034
968,480,Plumbing,Open,Low,2025-02-09,2025-02-17,462
969,434,HVAC,In Progress,Critical,2025-12-26,2026-01-01,295
970,74,Security,Open,Low,2026-03-30,2026-04-10,497
971,344,Security,In Progress,High,2026-05-28,,1162
972,229,Appliance,Resolved,Low,2026-04-21,2026-05-04,842
973,244,Security,Open,Critical,2026-03-31,2026-04-08,884
974,65,Security,Closed,Critical,2025-12-14,2025-12-27,559
975,101,Cleaning,Open,Critical,2025-11-10,2025-11-12,1056
976,245,Plumbing,In Progress,Low,2025-03-28,2025-04-06,939
977,133,Plumbing,Resolved,Critical,2025-04-23,2025-04-25,987
978,289,Appliance,Closed,High,2025-07-24,2025-08-02,895
979,387,Appliance,In Progress,High,2025-09-11,2025-09-20,961
980,47,Appliance,Resolved,High,2026-02-25,2026-03-01,224
981,84,Security,Closed,Medium,2026-05-12,2026-05-26,311
982,408,HVAC,Open,High,2025-03-30,,881
983,328,Security,In Progress,Low,2025-04-07,,291
984,348,Electrical,Resolved,High,2026-02-01,2026-02-04,1167
985,174,Electrical,Open,Low,2025-03-18,,256
986,402,General Repair,Resolved,Critical,2025-05-03,2025-05-08,1130
987,380,HVAC,In Progress,Low,2025-08-04,,888
988,241,Plumbing,Closed,Critical,2025-10-31,2025-11-04,1123
989,281,Electrical,Closed,Critical,2025-04-15,2025-04-23,1098
990,316,General Repair,In Progress,High,2026-05-23,2026-05-31,306
991,159,Cleaning,Closed,High,2025-08-05,2025-08-17,801
992,408,Electrical,Closed,Low,2026-03-02,2026-03-13,1097
993,349,Electrical,In Progress,High,2026-03-30,,203
994,401,Security,Open,High,2025-07-18,2025-07-26,207
995,295,General Repair,In Progress,High,2026-01-19,,141
996,500,Cleaning,In Progress,Low,2026-04-12,2026-04-14,823
997,340,HVAC,Resolved,Critical,2025-07-20,,1100
998,136,Appliance,Closed,High,2025-08-25,2025-08-31,526
999,63,Electrical,Resolved,Critical,2025-05-14,2025-05-17,1054
1000,448,Cleaning,Open,Low,2025-08-20,2025-08-28,294
1001,473,General Repair,Open,Low,2025-03-03,,1093
1002,124,Electrical,Open,Low,2025-08-09,2025-08-17,1008
1003,331,General Repair,Resolved,High,2025-09-17,2025-10-01,926
1004,342,Cleaning,In Progress,High,2026-02-27,2026-03-02,464
1005,251,Cleaning,In Progress,Critical,2026-03-23,2026-04-04,560
1006,46,Plumbing,Closed,Critical,2025-08-17,2025-08-20,467
1007,355,Appliance,Closed,High,2026-05-15,,509
1008,103,General Repair,Closed,High,2025-07-16,,779
1009,339,Security,In Progress,Critical,2025-11-15,2025-11-25,790
1010,133,Cleaning,Closed,Low,2025-04-12,2025-04-21,1024
1011,428,Plumbing,In Progress,Critical,2025-04-10,2025-04-21,353
1012,318,HVAC,Resolved,Low,2025-05-11,2025-05-19,354
1013,56,General Repair,Resolved,Critical,2025-12-17,2025-12-31,741
1014,76,General Repair,Resolved,Medium,2026-01-18,,341
1015,337,Plumbing,In Progress,Medium,2025-10-23,2025-10-28,95
1016,403,Appliance,Open,Critical,2025-09-14,2025-09-18,463
1017,56,Security,Resolved,Critical,2025-06-07,,1182
1018,2,Electrical,Resolved,Medium,2026-01-29,2026-02-04,648
1019,191,Cleaning,Open,Low,2025-12-24,,995
1020,85,Appliance,Resolved,Medium,2026-04-29,,1133
1021,365,HVAC,Resolved,Critical,2026-04-22,2026-05-06,932
1022,137,HVAC,In Progress,Critical,2025-05-04,2025-05-05,286
1023,287,Plumbing,Open,Medium,2025-03-24,2025-03-25,428
1024,373,Plumbing,Closed,Critical,2025-03-26,2025-03-30,821
1025,201,Electrical,Open,High,2025-01-02,2025-01-12,451
1026,95,Plumbing,In Progress,High,2025-06-17,2025-06-23,784
1027,93,General Repair,In Progress,Low,2025-01-27,,736
1028,498,Appliance,In Progress,Medium,2025-05-17,2025-05-20,1160
1029,377,HVAC,Closed,Critical,2025-12-12,2025-12-19,460
1030,374,Electrical,In Progress,High,2025-02-25,2025-03-06,863
1031,1,Plumbing,Open,Low,2025-02-28,2025-03-07,1106
1032,104,Electrical,Resolved,Low,2026-01-03,2026-01-04,985
1033,215,Electrical,In Progress,Medium,2026-01-03,2026-01-04,279
1034,297,Cleaning,Resolved,Low,2025-04-15,2025-04-25,1116
1035,451,Cleaning,Resolved,Low,2025-02-25,2025-03-05,116
1036,49,Security,Closed,High,2025-06-05,2025-06-07,346
1037,479,Security,Closed,Critical,2026-03-11,2026-03-16,698
1038,154,Cleaning,Closed,Low,2026-05-19,2026-06-01,331
1039,423,Cleaning,In Progress,Medium,2025-11-03,2025-11-14,531
1040,352,HVAC,Open,Critical,2025-05-23,2025-06-03,311
1041,301,General Repair,Closed,Low,2025-05-13,2025-05-19,510
1042,331,Cleaning,Open,Medium,2026-01-29,,221
1043,59,Electrical,Closed,Medium,2025-05-21,2025-06-04,234
1044,136,Electrical,In Progress,Medium,2025-02-18,,738
1045,383,HVAC,Closed,High,2026-04-21,,301
1046,336,General Repair,Resolved,Low,2025-05-11,2025-05-20,580
1047,96,Electrical,Resolved,Low,2025-08-29,2025-09-07,400
1048,244,Electrical,Resolved,High,2025-01-09,2025-01-15,408
1049,113,HVAC,Closed,Medium,2025-10-24,,487
1050,88,Plumbing,Open,High,2025-04-04,2025-04-06,194
1051,254,Security,In Progress,Critical,2025-06-01,2025-06-12,224
1052,366,Security,Open,Low,2025-01-18,2025-01-25,362
1053,121,Appliance,Resolved,High,2026-05-19,2026-05-21,400
1054,112,Plumbing,Closed,Critical,2025-02-17,,511
1055,18,Plumbing,In Progress,Low,2025-06-06,,876
1056,121,Security,Closed,Critical,2025-06-24,,811
1057,490,Appliance,In Progress,Medium,2025-10-22,2025-10-29,658
1058,354,HVAC,Open,Medium,2026-02-26,2026-03-02,107
1059,173,Appliance,In Progress,Medium,2026-02-26,2026-03-02,500
1060,33,Cleaning,Closed,Medium,2026-05-07,2026-05-12,536
1061,108,Security,Resolved,Critical,2025-11-21,2025-11-29,752
1062,423,Cleaning,Resolved,Critical,2025-12-17,2025-12-18,831
1063,194,Cleaning,Open,Critical,2026-01-22,2026-01-31,774
1064,454,Cleaning,Resolved,Critical,2025-01-27,,908
1065,108,Security,In Progress,Medium,2026-02-06,2026-02-15,601
1066,39,Security,Open,Critical,2025-02-16,2025-02-22,1147
1067,427,Security,Resolved,High,2025-01-06,2025-01-13,158
1068,112,Cleaning,In Progress,Medium,2025-11-20,2025-11-21,365
1069,174,HVAC,Closed,Low,2025-11-27,2025-12-02,877
1070,99,Security,Resolved,Low,2025-06-03,,889
1071,234,Cleaning,Open,Medium,2025-11-13,,1005
1072,187,Security,Open,Low,2026-02-16,,426
1073,143,Security,Closed,Medium,2025-09-25,,672
1074,383,Cleaning,Closed,High,2025-04-03,2025-04-08,1136
1075,408,General Repair,In Progress,Critical,2026-01-02,2026-01-07,1088
1076,104,Appliance,In Progress,Low,2025-04-25,,1168
1077,425,HVAC,Resolved,Low,2025-05-05,,264
1078,436,Appliance,Closed,Medium,2026-03-25,2026-04-08,625
1079,12,Security,Open,Medium,2026-02-22,2026-03-05,320
1080,335,Electrical,Closed,Medium,2025-05-25,,220
1081,229,Security,In Progress,Medium,2025-06-29,,1156
1082,306,Security,Resolved,High,2025-03-05,,381
1083,246,Security,Closed,Critical,2026-05-24,2026-05-30,152
1084,469,Cleaning,Open,Low,2025-08-04,,832
1085,74,Security,Closed,Critical,2025-11-12,2025-11-18,65
1086,174,HVAC,Closed,High,2025-07-25,,565
1087,149,Plumbing,Open,Low,2025-12-02,2025-12-08,1192
1088,129,HVAC,Resolved,High,2025-12-15,2025-12-29,899
1089,70,Electrical,Open,Critical,2025-08-08,2025-08-13,76
1090,54,HVAC,In Progress,High,2026-01-30,,202
1091,209,Cleaning,Open,Medium,2025-03-19,2025-03-27,416
1092,256,Plumbing,In Progress,High,2025-05-23,2025-05-29,640
1093,223,Electrical,Closed,Low,2026-04-26,2026-05-01,681
1094,267,Appliance,Resolved,Low,2025-08-05,,794
1095,458,Electrical,In Progress,Low,2026-05-22,2026-05-29,187
1096,350,Security,Closed,High,2025-05-23,2025-05-30,763
1097,474,Plumbing,Closed,Medium,2026-01-06,2026-01-10,632
1098,69,Appliance,In Progress,Medium,2025-08-27,2025-08-30,733
1099,210,Appliance,Resolved,Critical,2025-12-16,2025-12-30,455
1100,247,Security,In Progress,Critical,2026-02-21,2026-03-04,364
1101,328,Appliance,Resolved,Medium,2025-11-19,2025-11-23,807
1102,291,General Repair,Open,High,2025-04-30,,1087
1103,1,General Repair,Resolved,High,2026-05-29,2026-06-09,834
1104,322,Cleaning,In Progress,Critical,2025-06-15,2025-06-24,1160
1105,209,HVAC,In Progress,Medium,2025-07-15,2025-07-22,515
1106,115,HVAC,In Progress,Critical,2026-05-21,,595
1107,105,General Repair,Closed,High,2025-06-25,2025-07-09,914
1108,263,HVAC,Open,Low,2025-06-07,2025-06-12,289
1109,87,Appliance,Resolved,High,2025-06-16,,92
1110,125,Security,In Progress,Low,2025-09-20,2025-09-23,869
1111,356,Appliance,In Progress,Medium,2025-11-13,,981
1112,129,Appliance,Resolved,High,2025-10-20,2025-10-29,861
1113,248,General Repair,In Progress,Low,2025-08-09,2025-08-11,851
1114,35,Electrical,Open,Low,2026-04-23,2026-04-26,428
1115,240,Appliance,In Progress,Medium,2025-04-23,,79
1116,298,HVAC,Closed,Critical,2025-11-08,2025-11-16,800
1117,15,Cleaning,Open,Medium,2025-10-03,,306
1118,130,Plumbing,Resolved,Low,2026-05-20,2026-05-28,469
1119,412,Security,Resolved,High,2026-03-14,2026-03-22,935
1120,42,Cleaning,Open,Low,2025-11-11,2025-11-19,829
1121,471,Appliance,In Progress,Low,2026-01-23,2026-02-02,1187
1122,396,Security,Closed,Medium,2025-07-20,2025-07-23,987
1123,112,Cleaning,Resolved,Low,2026-02-24,2026-03-08,603
1124,394,Plumbing,Resolved,Critical,2026-01-02,2026-01-07,330
1125,423,Electrical,In Progress,Critical,2025-09-29,,538
1126,300,General Repair,Open,Critical,2025-01-03,2025-01-14,479
1127,214,General Repair,Open,Low,2025-11-21,,264
1128,270,HVAC,Resolved,High,2025-07-29,2025-08-05,582
1129,144,Plumbing,Open,Critical,2026-04-25,,370
1130,418,General Repair,Resolved,High,2025-09-05,2025-09-06,979
1131,85,Security,Resolved,High,2025-12-03,2025-12-04,391
1132,253,Security,In Progress,Low,2025-07-08,2025-07-15,315
1133,82,Security,Resolved,Medium,2025-07-11,2025-07-15,253
1134,331,General Repair,Resolved,Critical,2025-02-14,,958
1135,179,Cleaning,Resolved,Medium,2025-07-02,2025-07-13,967
1136,328,Appliance,In Progress,Low,2025-11-24,2025-12-04,856
1137,197,General Repair,In Progress,Critical,2026-04-11,2026-04-17,100
1138,341,HVAC,Closed,Medium,2025-03-29,,1154
1139,29,HVAC,Closed,Low,2025-01-16,2025-01-20,418
1140,329,Appliance,Open,Low,2025-06-18,2025-06-21,598
1141,364,Appliance,Open,Low,2025-08-02,2025-08-11,153
1142,365,Security,Closed,High,2025-07-19,2025-08-02,123
1143,199,Cleaning,Resolved,High,2026-01-24,,745
1144,51,Security,In Progress,Medium,2025-09-23,2025-10-04,224
1145,158,Plumbing,Closed,Critical,2025-01-24,,545
1146,496,Electrical,Resolved,Low,2025-05-22,,59
1147,390,Electrical,In Progress,Critical,2025-05-12,,590
1148,181,HVAC,Resolved,High,2025-03-01,2025-03-04,319
1149,130,Cleaning,Resolved,Medium,2026-02-02,2026-02-08,1084
1150,177,General Repair,Closed,Critical,2025-06-22,,764
1151,453,Electrical,Open,Medium,2025-05-03,2025-05-07,361
1152,419,General Repair,In Progress,Low,2026-04-29,,662
1153,32,Security,In Progress,Critical,2025-07-06,,114
1154,277,HVAC,Closed,Medium,2025-05-04,,708
1155,169,Cleaning,Closed,Critical,2025-01-18,,698
1156,146,General Repair,Closed,Low,2025-02-17,2025-02-28,995
1157,487,HVAC,Closed,Low,2025-01-28,2025-02-01,389
1158,442,Security,In Progress,Medium,2026-03-31,2026-04-07,892
1159,85,Cleaning,In Progress,Medium,2025-11-30,,827
1160,271,HVAC,Resolved,Critical,2025-10-21,2025-10-24,157
1161,396,Electrical,In Progress,Medium,2025-04-11,2025-04-19,466
1162,500,Plumbing,Resolved,Low,2026-04-25,2026-04-26,1056
1163,58,Cleaning,Closed,Critical,2025-07-02,,230
1164,30,Cleaning,Resolved,Critical,2025-04-11,2025-04-14,1151
1165,72,Security,In Progress,Critical,2025-04-25,2025-05-02,772
1166,339,HVAC,Resolved,Medium,2026-04-17,2026-04-28,416
1167,251,Cleaning,In Progress,Medium,2026-03-18,,131
1168,84,Appliance,In Progress,Low,2025-06-29,2025-07-08,745
1169,387,Security,Open,Low,2025-04-03,2025-04-12,1112
1170,193,General Repair,Open,Critical,2025-05-13,2025-05-18,410
1171,10,Cleaning,Open,Medium,2025-05-26,2025-05-29,689
1172,156,Electrical,Open,Critical,2025-12-22,,924
1173,284,General Repair,Open,High,2025-05-16,2025-05-30,731
1174,210,Security,Open,Medium,2026-05-15,,205
1175,93,Appliance,Resolved,High,2025-09-24,2025-09-26,771
1176,147,General Repair,In Progress,Critical,2025-11-06,2025-11-16,105
1177,251,Plumbing,Resolved,Medium,2025-07-14,2025-07-24,450
1178,351,Security,In Progress,Critical,2026-05-17,2026-05-23,252
1179,434,Electrical,In Progress,Low,2025-05-05,2025-05-11,487
1180,391,HVAC,Resolved,Low,2026-05-19,2026-05-22,994
1181,204,Electrical,In Progress,Medium,2025-10-21,2025-10-25,58
1182,428,HVAC,Closed,Medium,2025-04-26,2025-05-05,138
1183,318,Electrical,Resolved,Critical,2025-03-22,2025-04-02,1145
1184,87,Plumbing,Resolved,Critical,2025-05-03,2025-05-16,525
1185,109,Cleaning,Closed,High,2025-02-03,2025-02-10,1014
1186,10,Security,Resolved,Medium,2025-12-18,2025-12-24,549
1187,186,HVAC,Open,Medium,2026-02-13,,1040
1188,42,Electrical,Resolved,High,2025-11-22,2025-12-05,605
1189,4,HVAC,In Progress,Critical,2025-10-29,2025-10-30,1099
1190,404,Cleaning,Open,Critical,2025-07-20,,1195
1191,20,Plumbing,Closed,High,2025-09-27,2025-10-01,1172
1192,500,General Repair,Closed,High,2026-01-08,,1114
1193,281,Security,Open,Low,2025-02-27,2025-03-05,545
1194,314,HVAC,In Progress,Medium,2025-02-05,,275
1195,452,Security,Closed,Medium,2025-12-31,,108
1196,407,Plumbing,In Progress,High,2025-10-27,,224
1197,430,Plumbing,Resolved,High,2026-05-09,,701
1198,68,Electrical,Open,High,2026-05-30,2026-06-03,1078
1199,305,Plumbing,Open,Low,2026-02-26,2026-03-07,306
1200,96,Security,Resolved,Medium,2026-03-27,2026-04-06,715
